gene,score
ENSG00000023445,0.9233601451152522
ENSG00000108821,0.8085842151439646
ENSG00000156738,0.7161368142521881
ENSG00000131981,0.49967391130592487
ENSG00000166441,0.46596197148865925
ENSG00000212907,0.4185346077336672
ENSG00000102265,0.39014919159679606
ENSG00000011600,0.30282062674644844
ENSG00000131477,0.21336868855117558
ENSG00000170476,0.18684139398111205
ENSG00000228253,0.18570309114290945
ENSG00000205542,0.13910119939592097
ENSG00000019582,0.1217797828927229
ENSG00000130066,0.05611248655783872
ENSG00000106211,0.046107401555958494
ENSG00000163453,0.03251424632394155
ENSG00000167283,0.5408187347475043
ENSG00000210082,0.43522298575452834
ENSG00000101439,0.33820369880428325
ENSG00000124172,0.25
ENSG00000171345,0.20335392365229393
ENSG00000125534,0.16739410023985105
ENSG00000080824,0.142181732052148
ENSG00000204628,0.12877288392463127
ENSG00000116824,0.10839228363631928
ENSG00000149591,0.10017201725796746
ENSG00000100453,0.0887777311854509
ENSG00000122862,0.04684642732495205
ENSG00000167286,0.03752796575102373
ENSG00000026025,0.03746560459310745
ENSG00000142669,0.025341130604288498
ENSG00000130203,0.024269153037850356
ENSG00000189058,0.022869680377443278
ENSG00000133872,0.021182351702436035
ENSG00000245532,0.015518093414448493
ENSG00000008988,0.015389317313078762
ENSG00000142089,0.015015843761246449
ENSG00000100097,0.014593696899083627
ENSG00000077984,0.01406536282803552
ENSG00000163191,0.013959821075191631
ENSG00000121966,0.01379137592892656
ENSG00000125148,0.013207636088302957
ENSG00000197746,0.012839032028536474
ENSG00000170345,0.009946383523407003
ENSG00000204389,0.008955550076580679
ENSG00000096384,0.008456728546435886
ENSG00000133639,0.008240763932586924
ENSG00000197747,0.006160519146259889
ENSG00000128016,0.005822316405196454
ENSG00000130303,0.0057092448008951155
ENSG00000008517,0.00530513329896525
ENSG00000169442,0.00515453286681999
ENSG00000204592,0.0029819366400314984
ENSG00000115414,0.0026142857890616737
ENSG00000182718,0.0023345876897834816
ENSG00000111341,0.002103772702364441
ENSG00000120129,5.7327455185001056e-15
ENSG00000135404,1.7256063026164776e-15
ENSG00000074800,7.075865103065734e-16
ENSG00000145649,5.115879370717416e-16
ENSG00000177575,
ENSG00000132465,0.18881172260484544
ENSG00000122786,
ENSG00000112149,
ENSG00000173391,
ENSG00000198502,0.023751889425112905
ENSG00000185885,0.02344007773469242
ENSG00000109971,0.021930278769924618
ENSG00000171223,0.0135741487058817
ENSG00000130208,0.008582201572537697
ENSG00000148671,0.006729140446440107
ENSG00000168685,0.006653562646589193
ENSG00000185201,0.006558557940503042
ENSG00000117984,0.006175827986254077
ENSG00000197956,0.003841462042622757
ENSG00000065978,0.0019956385552139457
ENSG00000173762,0.0011994628825636186
ENSG00000111716,2.4498572678641854e-14
ENSG00000198695,7.484595683813914e-16
ENSG00000160180,0.003967649243912573
ENSG00000196154,4.76051673134309e-15
ENSG00000132002,2.912510960722805e-15
ENSG00000115541,1.5806070563681718e-15
ENSG00000135390,0.03703915931319979
ENSG00000100906,0.011662423090451719
ENSG00000240972,0.00408193316469383
ENSG00000152518,0.002490673622797177
ENSG00000135046,0.03536610963454858
ENSG00000158050,0.003983117538021666
ENSG00000101608,1.4661201896647087e-15
ENSG00000149925,0.008377854099090504
ENSG00000095794,1.4758861317724475e-15
ENSG00000211592,0.03853800689126824
ENSG00000115523,0.0074148854877842596
ENSG00000126709,0.001967693475265073
ENSG00000105374,0.00106994582148174
ENSG00000067225,7.402508964108184e-16
ENSG00000153563,1.9530949481111324e-14
ENSG00000227507,0.0010078773846793547
ENSG00000084207,0.009651284544006914
ENSG00000164919,0.003931373327515534
ENSG00000123416,0.0018933441473041365
ENSG00000181617,0.004207781807472684
ENSG00000177606,5.5793094245156185e-15
ENSG00000156234,4.593286579543183e-15
ENSG00000113088,0.007196118525101585
ENSG00000187608,4.8861785987985044e-15
ENSG00000265972,0.0
ENSG00000111669,0.0
ENSG00000103363,
ENSG00000198851,
ENSG00000067082,
ENSG00000164692,
ENSG00000124614,
ENSG00000111348,
ENSG00000185650,
ENSG00000186827,
ENSG00000160678,
ENSG00000272398,
ENSG00000164687,
ENSG00000113140,
ENSG00000090104,
ENSG00000026508,
ENSG00000241343,
ENSG00000181847,
ENSG00000186891,
ENSG00000089327,
ENSG00000173369,
ENSG00000011465,
ENSG00000107742,
ENSG00000111057,
ENSG00000158710,
ENSG00000159189,
ENSG00000157514,
ENSG00000135919,
ENSG00000107796,
ENSG00000104894,
ENSG00000117450,
ENSG00000141753,
ENSG00000169908,
ENSG00000173372,
ENSG00000154518,
ENSG00000167468,
ENSG00000162511,
ENSG00000101335,
ENSG00000196405,
ENSG00000168209,
ENSG00000185664,
ENSG00000160862,
ENSG00000172543,
ENSG00000102879,
ENSG00000160213,
ENSG00000128340,
ENSG00000170421,
ENSG00000118503,
ENSG00000152583,
ENSG00000051523,
ENSG00000103187,
ENSG00000140416,
ENSG00000110848,
ENSG00000204257,
ENSG00000198467,
ENSG00000175899,
ENSG00000118785,
ENSG00000167642,
ENSG00000120885,
ENSG00000139329,
ENSG00000158869,
ENSG00000145423,
ENSG00000160307,
ENSG00000109846,
ENSG00000126264,
ENSG00000139193,
ENSG00000178980,
ENSG00000135480,
ENSG00000182492,
ENSG00000164932,
ENSG00000172116,
ENSG00000100450,
ENSG00000105369,
ENSG00000185633,
ENSG00000082074,
ENSG00000233276,
ENSG00000010278,
ENSG00000129538,
ENSG00000133110,
ENSG00000106538,
ENSG00000211459,
ENSG00000211772,
ENSG00000147168,
ENSG00000182866,
ENSG00000250722,
ENSG00000178372,
ENSG00000125868,
ENSG00000180644,
ENSG00000089692,
ENSG00000160182,
ENSG00000090382,
ENSG00000173110,
ENSG00000176046,
ENSG00000119655,
ENSG00000149131,
ENSG00000110492,
ENSG00000134539,
ENSG00000012223,
ENSG00000125730,
ENSG00000189334,
ENSG00000099953,
ENSG00000127920,
ENSG00000136167,
ENSG00000184292,
ENSG00000091986,
ENSG00000179144,
ENSG00000136490,
ENSG00000198832,
ENSG00000120215,
ENSG00000160255,
ENSG00000186847,
ENSG00000106624,
ENSG00000189171,
ENSG00000143387,
ENSG00000109610,
ENSG00000130300,
ENSG00000105974,
ENSG00000204472,
ENSG00000143248,
ENSG00000182326,
ENSG00000171476,
ENSG00000110799,
ENSG00000087245,
ENSG00000277734,
ENSG00000115461,
ENSG00000128422,
ENSG00000163359,
ENSG00000145824,
ENSG00000163220,
ENSG00000171346,
ENSG00000126353,
ENSG00000107562,
ENSG00000204262,
ENSG00000167244,
ENSG00000166426,
ENSG00000143320,
ENSG00000111799,
ENSG00000172889,
ENSG00000261371,
ENSG00000008394,
ENSG00000189143,
ENSG00000106541,
ENSG00000169508,
ENSG00000170323,
ENSG00000038427,
ENSG00000172215,
ENSG00000240583,
ENSG00000188404,
ENSG00000129226,
ENSG00000142173,
ENSG00000106565,
ENSG00000129824,
ENSG00000143546,
ENSG00000130635,
ENSG00000049768,
ENSG00000089356,
ENSG00000187498,
ENSG00000110077,
ENSG00000166741,
ENSG00000077942,
ENSG00000111796,
ENSG00000047457,
ENSG00000115165,
ENSG00000134871,
ENSG00000100234,
ENSG00000165215,
ENSG00000060718,
ENSG00000172551,
ENSG00000142156,
ENSG00000124107,
ENSG00000132965,
ENSG00000096696,
ENSG00000140379,
ENSG00000166482,
ENSG00000101443,
ENSG00000186340,
ENSG00000143184,
ENSG00000163519,
ENSG00000169429,
ENSG00000109321,
ENSG00000267795,
ENSG00000150687,
ENSG00000174059,
ENSG00000002933,
ENSG00000211751,
ENSG00000234741,
ENSG00000166920,
ENSG00000148513,
ENSG00000242574,
ENSG00000125538,
ENSG00000189129,
ENSG00000211598,
ENSG00000017427,
ENSG00000176083,
ENSG00000107317,
ENSG00000163435,
ENSG00000184113,
ENSG00000204291,
ENSG00000124664,
ENSG00000177469,
ENSG00000106333,
ENSG00000143185,
ENSG00000175061,
ENSG00000140968,
ENSG00000123500,
ENSG00000203747,
ENSG00000158517,
ENSG00000080166,
ENSG00000146674,
ENSG00000211445,
ENSG00000162618,
ENSG00000237541,
ENSG00000125968,
ENSG00000176435,
ENSG00000143110,
ENSG00000186081,
ENSG00000154096,
ENSG00000162444,
ENSG00000101825,
ENSG00000164434,
ENSG00000163430,
ENSG00000175793,
ENSG00000149564,
ENSG00000106483,
ENSG00000153064,
ENSG00000125810,
ENSG00000134545,
ENSG00000106819,
ENSG00000233041,
ENSG00000122679,
ENSG00000089012,
ENSG00000162482,
ENSG00000170458,
ENSG00000143196,
ENSG00000163520,
ENSG00000186810,
ENSG00000187955,
ENSG00000122641,
ENSG00000064989,
ENSG00000066336,
ENSG00000169245,
ENSG00000081041,
ENSG00000004799,
ENSG00000111537,
ENSG00000164035,
ENSG00000159763,
ENSG00000133048,
ENSG00000211677,
ENSG00000167779,
ENSG00000196754,
ENSG00000135218,
ENSG00000166927,
ENSG00000089199,
ENSG00000179776,
ENSG00000145287,
ENSG00000166147,
ENSG00000162998,
ENSG00000118849,
ENSG00000211666,
ENSG00000213088,
ENSG00000162576,
ENSG00000245910,
ENSG00000007264,
ENSG00000163734,
ENSG00000163508,
ENSG00000167772,
ENSG00000204482,
ENSG00000167641,
ENSG00000049540,
ENSG00000211949,
ENSG00000115956,
ENSG00000234883,
ENSG00000004776,
ENSG00000162366,
ENSG00000104332,
ENSG00000108691,
ENSG00000177455,
ENSG00000211829,
ENSG00000173467,
ENSG00000203875,
ENSG00000164483,
ENSG00000235576,
ENSG00000136689,
ENSG00000280721,
ENSG00000153002,
ENSG00000229391,
ENSG00000099958,
ENSG00000095970,
ENSG00000100292,
ENSG00000236552,
ENSG00000107165,
ENSG00000256039,
ENSG00000110484,
ENSG00000165168,
ENSG00000138755,
ENSG00000094755,
ENSG00000173436,
ENSG00000187513,
ENSG00000106809,
ENSG00000247982,
ENSG00000168333,
ENSG00000164106,
ENSG00000170442,
ENSG00000171557,
ENSG00000102245,
ENSG00000182578,
ENSG00000165507,
ENSG00000244734,
ENSG00000123689,
ENSG00000205426,
ENSG00000157766,
ENSG00000168497,
ENSG00000245164,
ENSG00000115009,
ENSG00000138615,
ENSG00000111913,
ENSG00000131771,
ENSG00000122224,
ENSG00000069122,
ENSG00000110079,
ENSG00000125144,
ENSG00000139187,
ENSG00000206075,
ENSG00000196616,
ENSG00000197614,
ENSG00000211653,
ENSG00000154133,
ENSG00000247774,
ENSG00000163993,
ENSG00000186832,
ENSG00000085265,
ENSG00000163347,
ENSG00000163631,
ENSG00000173267,
ENSG00000162692,
ENSG00000117560,
ENSG00000148346,
ENSG00000128218,
ENSG00000139219,
ENSG00000213809,
ENSG00000198650,
ENSG00000038945,
ENSG00000188820,
ENSG00000137731,
ENSG00000105664,
ENSG00000205002,
ENSG00000163017,
ENSG00000150337,
ENSG00000211679,
ENSG00000177494,
ENSG00000160886,
ENSG00000131055,
ENSG00000211644,
ENSG00000091513,
ENSG00000078401,
ENSG00000203883,
ENSG00000163563,
ENSG00000185479,
ENSG00000211673,
ENSG00000165810,
ENSG00000211662,
ENSG00000128052,
ENSG00000130822,
ENSG00000155659,
ENSG00000174917,
ENSG00000109943,
ENSG00000166595,
ENSG00000134817,
ENSG00000188257,
ENSG00000110777,
ENSG00000174946,
ENSG00000124882,
ENSG00000100721,
ENSG00000143556,
ENSG00000220749,
ENSG00000164530,
ENSG00000198542,
ENSG00000211660,
ENSG00000240505,
ENSG00000131097,
ENSG00000178776,
ENSG00000018280,
ENSG00000118271,
ENSG00000121552,
ENSG00000211947,
ENSG00000164266,
ENSG00000164120,
ENSG00000124491,
ENSG00000254709,
ENSG00000104921,
ENSG00000121742,
ENSG00000134443,
ENSG00000137673,
ENSG00000102854,
ENSG00000164736,
ENSG00000214223,
ENSG00000281103,
ENSG00000205420,
ENSG00000175063,
ENSG00000227191,
ENSG00000158874,
ENSG00000110195,
ENSG00000160856,
ENSG00000229028,
ENSG00000159958,
ENSG00000100985,
ENSG00000166428,
ENSG00000270550,
ENSG00000169900,
ENSG00000168229,
ENSG00000133169,
ENSG00000165457,
ENSG00000263639,
ENSG00000248527,
ENSG00000277494,
ENSG00000171564,
ENSG00000163739,
ENSG00000074966,
ENSG00000278196,
ENSG00000211659,
ENSG00000211695,
ENSG00000188536,
ENSG00000198523,
ENSG00000112936,
ENSG00000109072,
ENSG00000064886,
ENSG00000102243,
ENSG00000189377,
ENSG00000223361,
ENSG00000137441,
ENSG00000135374,
ENSG00000146070,
ENSG00000138100,
ENSG00000196091,
ENSG00000205810,
ENSG00000126759,
ENSG00000169903,
ENSG00000019169,
ENSG00000204475,
ENSG00000282939,
ENSG00000160683,
ENSG00000135094,
ENSG00000211694,
ENSG00000181036,
ENSG00000197632,
ENSG00000139352,
ENSG00000035720,
ENSG00000130427,
ENSG00000211734,
ENSG00000266402,
ENSG00000167656,
ENSG00000111404,
ENSG00000169248,
ENSG00000163687,
ENSG00000161649,
ENSG00000108700,
ENSG00000198574,
ENSG00000196092,
ENSG00000211689,
ENSG00000150045,
ENSG00000248323,
ENSG00000058404,
ENSG00000197057,
ENSG00000163221,
ENSG00000126233,
ENSG00000100079,
ENSG00000166797,
ENSG00000143297,
ENSG00000163534,
ENSG00000175445,
ENSG00000228262,
ENSG00000102109,
ENSG00000131203,
ENSG00000154277,
ENSG00000117399,
ENSG00000094963,
ENSG00000110245,
ENSG00000211640,
ENSG00000245954,
ENSG00000005102,
ENSG00000106927,
ENSG00000107159,
ENSG00000278030,
ENSG00000253755,
ENSG00000211788,
ENSG00000124935,
ENSG00000122223,
ENSG00000171560,
ENSG00000166592,
ENSG00000205056,
ENSG00000246228,
ENSG00000211793,
ENSG00000235142,
ENSG00000132514,
ENSG00000189064,
ENSG00000132703,
ENSG00000136244,
ENSG00000204866,
ENSG00000134339,
ENSG00000205809,
ENSG00000134028,
ENSG00000050767,
ENSG00000106236,
ENSG00000167664,
ENSG00000263961,
ENSG00000132693,
ENSG00000211941,
ENSG00000182600,
ENSG00000105825,
ENSG00000175701,
ENSG00000211945,
ENSG00000145692,
ENSG00000166509,
ENSG00000167434,
ENSG00000251546,
ENSG00000142871,
ENSG00000213178,
ENSG00000158481,
ENSG00000242125,
ENSG00000183747,
ENSG00000229314,
ENSG00000174718,
ENSG00000224137,
ENSG00000176840,
ENSG00000282651,
ENSG00000174175,
ENSG00000205358,
ENSG00000223745,
ENSG00000234184,
ENSG00000127324,
ENSG00000221946,
ENSG00000186160,
ENSG00000172794,
ENSG00000247556,
ENSG00000124564,
ENSG00000064201,
ENSG00000103355,
ENSG00000010319,
ENSG00000211810,
ENSG00000171234,
ENSG00000172724,
ENSG00000211786,
ENSG00000007908,
ENSG00000138722,
ENSG00000243955,
ENSG00000234663,
ENSG00000211648,
ENSG00000171551,
ENSG00000211668,
ENSG00000147138,
ENSG00000168081,
ENSG00000099985,
ENSG00000211956,
ENSG00000131401,
ENSG00000272282,
ENSG00000145321,
ENSG00000170128,
ENSG00000180739,
ENSG00000172236,
ENSG00000211663,
ENSG00000211797,
ENSG00000285410,
ENSG00000138207,
ENSG00000211943,
ENSG00000100867,
ENSG00000242258,
ENSG00000170231,
ENSG00000224631,
ENSG00000118729,
ENSG00000066813,
ENSG00000213886,
ENSG00000160953,
ENSG00000211955,
ENSG00000048462,
ENSG00000069482,
ENSG00000115008,
ENSG00000176919,
ENSG00000116747,
ENSG00000198520,
ENSG00000175426,
ENSG00000112214,
ENSG00000168329,
ENSG00000178363,
ENSG00000211787,
ENSG00000211799,
ENSG00000167476,
ENSG00000211651,
ENSG00000211632,
ENSG00000255717,
ENSG00000233306,
ENSG00000211721,
ENSG00000255733,
ENSG00000100033,
ENSG00000156689,
ENSG00000128242,
ENSG00000176153,
ENSG00000174353,
ENSG00000137745,
ENSG00000142748,
ENSG00000124203,
ENSG00000188508,
ENSG00000182183,
ENSG00000211789,
ENSG00000231475,
ENSG00000183019,
ENSG00000167768,
ENSG00000160181,
ENSG00000163273,
ENSG00000211807,
ENSG00000197253,
ENSG00000211790,
ENSG00000196611,
ENSG00000249978,
ENSG00000223551,
ENSG00000161055,
ENSG00000226660,
ENSG00000187912,
ENSG00000134873,
ENSG00000206172,
ENSG00000137077,
ENSG00000108688,
ENSG00000105141,
ENSG00000164400,
ENSG00000124875,
ENSG00000156076,
ENSG00000165269,
ENSG00000117281,
ENSG00000211777,
ENSG00000010282,
ENSG00000163751,
ENSG00000185559,
ENSG00000211716,
ENSG00000164283,
ENSG00000170523,
ENSG00000163735,
ENSG00000229335,
ENSG00000162384,
ENSG00000268751,
ENSG00000115386,
ENSG00000213442,
ENSG00000148942,
ENSG00000251474,
ENSG00000170419,
ENSG00000278970,
ENSG00000226950,
ENSG00000204054,
ENSG00000134240,
ENSG00000229769,
ENSG00000165828,
ENSG00000149968,
ENSG00000232079,
ENSG00000012504,
ENSG00000154269,
ENSG00000117322,
ENSG00000214510,
ENSG00000211804,
ENSG00000107984,
ENSG00000211792,
ENSG00000157150,
ENSG00000237702,
ENSG00000189001,
ENSG00000211791,
ENSG00000124939,
ENSG00000104760,
ENSG00000167754,
ENSG00000101425,
ENSG00000211817,
ENSG00000154165,
ENSG00000211625,
ENSG00000129988,
ENSG00000211795,
ENSG00000145192,
ENSG00000183395,
ENSG00000228278,
ENSG00000118137,
ENSG00000182885,
ENSG00000277072,
ENSG00000256553,
ENSG00000148702,
ENSG00000134760,
ENSG00000211950,
ENSG00000211778,
ENSG00000173209,
ENSG00000121807,
ENSG00000231799,
ENSG00000211706,
ENSG00000147647,
ENSG00000211745,
ENSG00000236481,
ENSG00000257267,
ENSG00000183542,
ENSG00000129151,
ENSG00000211796,
ENSG00000257017,
ENSG00000091583,
ENSG00000254838,
ENSG00000211801,
ENSG00000226752,
ENSG00000211698,
ENSG00000129455,
ENSG00000210077,
ENSG00000149534,
ENSG00000151365,
ENSG00000211670,
ENSG00000233639,
ENSG00000178828,
ENSG00000248124,
ENSG00000137440,
ENSG00000182487,
ENSG00000211727,
ENSG00000170454,
ENSG00000100604,
ENSG00000224078,
ENSG00000211952,
ENSG00000171759,
ENSG00000145850,
ENSG00000157306,
ENSG00000133636,
ENSG00000184697,
ENSG00000237254,
ENSG00000211710,
ENSG00000204936,
ENSG00000211652,
ENSG00000163106,
ENSG00000112299,
ENSG00000134827,
ENSG00000167755,
ENSG00000197520,
ENSG00000130287,
ENSG00000211785,
ENSG00000161798,
ENSG00000151632,
ENSG00000211696,
ENSG00000211776,
ENSG00000211794,
ENSG00000211649,
ENSG00000167094,
ENSG00000086696,
ENSG00000158488,
ENSG00000102970,
ENSG00000179088,
ENSG00000138684,
ENSG00000274752,
ENSG00000100170,
ENSG00000211803,
ENSG00000233355,
ENSG00000188505,
ENSG00000230099,
ENSG00000241657,
ENSG00000130173,
ENSG00000211724,
ENSG00000276566,
ENSG00000235954,
ENSG00000156222,
ENSG00000123838,
ENSG00000112115,
ENSG00000104918,
ENSG00000165646,
ENSG00000283683,
ENSG00000235532,
ENSG00000271856,
ENSG00000211812,
ENSG00000096006,
ENSG00000140873,
ENSG00000146678,
ENSG00000264745,
ENSG00000236058,
ENSG00000248144,
ENSG00000131797,
ENSG00000283063,
ENSG00000211946,
ENSG00000112309,
ENSG00000112232,
ENSG00000211714,
ENSG00000180210,
ENSG00000233006,
ENSG00000169031,
ENSG00000157765,
ENSG00000224041,
ENSG00000133063,
ENSG00000169612,
ENSG00000185433,
ENSG00000124602,
ENSG00000122585,
ENSG00000258512,
ENSG00000109471,
ENSG00000211809,
ENSG00000170373,
ENSG00000242534,
ENSG00000140287,
ENSG00000009694,
ENSG00000235174,
ENSG00000006611,
ENSG00000248275,
ENSG00000276953,
ENSG00000249096,
ENSG00000211728,
ENSG00000133800,
ENSG00000215030,
ENSG00000229453,
ENSG00000124102,
ENSG00000260876,
ENSG00000211784,
ENSG00000211821,
ENSG00000211800,
ENSG00000211780,
ENSG00000095917,
ENSG00000163946,
ENSG00000113889,
ENSG00000153822,
ENSG00000181374,
ENSG00000241244,
ENSG00000179818,
ENSG00000244067,
ENSG00000141744,
ENSG00000172156,
ENSG00000211650,
ENSG00000007314,
ENSG00000262406,
ENSG00000169469,
ENSG00000237943,
ENSG00000080618,
ENSG00000215908,
ENSG00000231663,
ENSG00000160226,
ENSG00000187957,
ENSG00000224598,
ENSG00000135220,
ENSG00000230629,
ENSG00000233593,
ENSG00000211669,
ENSG00000160282,
ENSG00000242766,
ENSG00000177504,
ENSG00000169660,
ENSG00000226608,
ENSG00000128040,
ENSG00000230734,
ENSG00000147485,
ENSG00000114771,
ENSG00000165178,
ENSG00000172482,
ENSG00000103245,
ENSG00000166126,
ENSG00000105509,
ENSG00000211802,
ENSG00000241158,
ENSG00000136688,
ENSG00000115602,
ENSG00000138434,
ENSG00000267206,
ENSG00000275791,
ENSG00000163581,
ENSG00000144908,
ENSG00000211779,
ENSG00000196204,
ENSG00000251301,
ENSG00000125375,
ENSG00000146039,
ENSG00000211637,
ENSG00000211815,
ENSG00000211816,
ENSG00000214894,
ENSG00000117215,
ENSG00000145708,
ENSG00000232573,
ENSG00000166589,
ENSG00000211820,
ENSG00000112499,
ENSG00000185038,
ENSG00000159753,
ENSG00000127074,
ENSG00000079689,
ENSG00000170927,
ENSG00000239975,
ENSG00000130037,
ENSG00000178928,
ENSG00000196260,
ENSG00000162267,
ENSG00000151655,
ENSG00000136872,
ENSG00000117601,
ENSG00000230223,
ENSG00000197641,
ENSG00000164512,
ENSG00000289746,
ENSG00000223705,
ENSG00000206073,
ENSG00000224870,
ENSG00000176076,
ENSG00000211814,
ENSG00000205038,
ENSG00000081800,
ENSG00000248810,
ENSG00000278857,
ENSG00000198643,
ENSG00000108021,
ENSG00000186529,
ENSG00000087250,
ENSG00000175084,
ENSG00000049247,
ENSG00000142197,
ENSG00000153253,
ENSG00000239453,
ENSG00000099725,
ENSG00000189350,
ENSG00000276405,
ENSG00000141052,
ENSG00000285972,
ENSG00000099822,
ENSG00000116690,
ENSG00000245849,
ENSG00000095932,
ENSG00000083782,
ENSG00000112116,
ENSG00000133067,
ENSG00000241549,
ENSG00000182841,
ENSG00000149531,
ENSG00000166396,
ENSG00000244627,
ENSG00000106133,
ENSG00000196668,
ENSG00000211818,
ENSG00000211942,
ENSG00000211661,
ENSG00000180745,
ENSG00000006128,
ENSG00000131910,
ENSG00000211782,
ENSG00000169550,
ENSG00000100253,
ENSG00000167588,
ENSG00000100095,
ENSG00000253409,
ENSG00000109205,
ENSG00000189223,
ENSG00000253291,
ENSG00000197880,
ENSG00000019186,
ENSG00000199990,
ENSG00000131002,
ENSG00000234912,
ENSG00000241566,
ENSG00000171209,
ENSG00000237264,
ENSG00000101076,
ENSG00000103472,
ENSG00000158477,
ENSG00000112195,
ENSG00000257924,
ENSG00000196188,
ENSG00000223784,
ENSG00000248485,
ENSG00000285219,
ENSG00000231312,
ENSG00000211638,
ENSG00000255760,
ENSG00000241431,
ENSG00000269834,
ENSG00000143429,
ENSG00000209082,
ENSG00000258733,
ENSG00000281162,
ENSG00000197992,
ENSG00000213937,
ENSG00000183036,
ENSG00000236790,
ENSG00000142484,
ENSG00000125813,
ENSG00000115155,
ENSG00000255569,
ENSG00000219665,
ENSG00000163586,
ENSG00000277586,
ENSG00000230257,
ENSG00000174358,
ENSG00000213261,
ENSG00000228224,
ENSG00000274925,
ENSG00000211664,
ENSG00000211806,
ENSG00000229605,
ENSG00000236737,
ENSG00000211685,
ENSG00000163216,
ENSG00000258616,
ENSG00000134444,
ENSG00000274012,
ENSG00000229108,
ENSG00000104435,
ENSG00000137970,
ENSG00000149716,
ENSG00000184330,
ENSG00000113905,
ENSG00000239732,
ENSG00000235437,
ENSG00000197406,
ENSG00000257838,
ENSG00000176092,
ENSG00000172568,
ENSG00000010438,
ENSG00000000005,
ENSG00000228903,
ENSG00000223959,
ENSG00000101280,
ENSG00000196588,
ENSG00000188100,
ENSG00000105492,
ENSG00000186162,
ENSG00000285967,
ENSG00000213373,
ENSG00000139537,
ENSG00000240429,
ENSG00000213759,
ENSG00000225756,
ENSG00000002726,
ENSG00000250620,
ENSG00000168405,
ENSG00000150244,
ENSG00000232613,
ENSG00000057149,
ENSG00000257122,
ENSG00000259225,
ENSG00000133624,
ENSG00000169894,
ENSG00000070019,
ENSG00000234068,
ENSG00000116176,
ENSG00000167531,
ENSG00000270505,
ENSG00000188293,
ENSG00000204019,
ENSG00000241295,
ENSG00000132855,
ENSG00000163421,
ENSG00000234585,
ENSG00000124780,
ENSG00000228451,
ENSG00000125337,
ENSG00000140950,
ENSG00000267757,
ENSG00000163499,
ENSG00000185485,
ENSG00000242580,
ENSG00000238105,
ENSG00000235065,
ENSG00000137251,
ENSG00000211805,
ENSG00000259577,
ENSG00000231292,
ENSG00000124205,
ENSG00000171956,
ENSG00000260549,
ENSG00000124568,
ENSG00000211725,
ENSG00000055957,
ENSG00000054803,
ENSG00000225630,
ENSG00000235621,
ENSG00000171199,
ENSG00000158485,
ENSG00000260231,
ENSG00000242193,
ENSG00000226287,
ENSG00000224490,
ENSG00000220804,
ENSG00000185986,
ENSG00000222020,
ENSG00000203756,
ENSG00000102837,
ENSG00000167524,
ENSG00000268804,
ENSG00000211642,
ENSG00000183775,
ENSG00000253818,
ENSG00000243264,
ENSG00000146085,
ENSG00000158104,
ENSG00000179406,
ENSG00000166670,
ENSG00000205784,
ENSG00000226221,
ENSG00000227145,
ENSG00000276597,
ENSG00000063015,
ENSG00000266079,
ENSG00000175003,
ENSG00000264538,
ENSG00000211645,
ENSG00000100665,
ENSG00000233093,
ENSG00000231682,
ENSG00000132437,
ENSG00000169994,
ENSG00000244363,
ENSG00000236977,
ENSG00000214176,
ENSG00000168269,
ENSG00000104327,
ENSG00000147003,
ENSG00000254211,
ENSG00000117834,
ENSG00000152578,
ENSG00000228794,
ENSG00000282122,
ENSG00000181195,
ENSG00000143167,
ENSG00000007216,
ENSG00000151704,
ENSG00000204020,
ENSG00000253691,
ENSG00000155918,
ENSG00000115194,
ENSG00000292372,
ENSG00000144290,
ENSG00000115361,
ENSG00000205771,
ENSG00000152779,
ENSG00000149124,
ENSG00000186301,
ENSG00000231711,
ENSG00000225138,
ENSG00000257335,
ENSG00000101883,
ENSG00000178464,
ENSG00000185275,
ENSG00000129965,
ENSG00000241127,
ENSG00000163207,
ENSG00000091181,
ENSG00000225224,
ENSG00000241794,
ENSG00000169194,
ENSG00000263417,
ENSG00000271178,
ENSG00000178162,
ENSG00000157322,
ENSG00000148600,
ENSG00000223662,
ENSG00000162344,
ENSG00000100448,
ENSG00000150756,
ENSG00000122711,
ENSG00000237973,
ENSG00000157152,
ENSG00000240370,
ENSG00000274286,
ENSG00000213553,
ENSG00000224958,
ENSG00000225950,
ENSG00000235613,
ENSG00000210196,
ENSG00000211658,
ENSG00000259092,
ENSG00000250366,
ENSG00000241229,
ENSG00000169877,
ENSG00000108342,
ENSG00000157005,
ENSG00000280543,
ENSG00000169224,
ENSG00000140839,
ENSG00000236709,
ENSG00000169509,
ENSG00000231205,
ENSG00000168065,
ENSG00000225447,
ENSG00000228782,
ENSG00000241635,
ENSG00000234335,
ENSG00000261520,
ENSG00000146151,
ENSG00000124721,
ENSG00000204542,
ENSG00000083097,
ENSG00000135346,
ENSG00000187527,
ENSG00000202538,
ENSG00000237170,
ENSG00000213860,
ENSG00000234956,
ENSG00000113492,
ENSG00000088340,
ENSG00000238269,
ENSG00000148965,
ENSG00000171643,
ENSG00000237949,
ENSG00000253234,
ENSG00000236801,
ENSG00000213700,
ENSG00000118520,
ENSG00000183506,
ENSG00000263590,
ENSG00000198077,
ENSG00000159251,
ENSG00000211813,
ENSG00000239948,
ENSG00000197444,
ENSG00000225972,
ENSG00000123405,
ENSG00000080293,
ENSG00000282639,
ENSG00000198883,
ENSG00000170608,
ENSG00000116031,
ENSG00000255974,
ENSG00000118523,
ENSG00000198336,
ENSG00000234118,
ENSG00000136999,
ENSG00000173930,
ENSG00000180385,
ENSG00000223350,
ENSG00000029559,
ENSG00000197421,
ENSG00000285230,
ENSG00000187510,
ENSG00000124224,
ENSG00000154764,
ENSG00000180769,
ENSG00000125084,
ENSG00000165799,
ENSG00000211713,
ENSG00000186260,
ENSG00000158482,
ENSG00000164344,
ENSG00000186481,
ENSG00000235297,
ENSG00000250569,
ENSG00000166736,
ENSG00000110243,
ENSG00000139988,
ENSG00000223768,
ENSG00000176160,
ENSG00000204001,
ENSG00000216588,
ENSG00000259295,
ENSG00000241119,
ENSG00000183055,
ENSG00000141433,
ENSG00000240463,
ENSG00000290376,
ENSG00000229994,
ENSG00000225492,
ENSG00000230481,
ENSG00000186474,
ENSG00000084110,
ENSG00000211717,
ENSG00000225573,
ENSG00000157703,
ENSG00000124253,
ENSG00000246084,
ENSG00000137204,
ENSG00000282458,
ENSG00000203785,
ENSG00000251039,
ENSG00000116983,
ENSG00000010379,
ENSG00000278195,
ENSG00000279082,
ENSG00000198610,
ENSG00000250799,
ENSG00000239571,
ENSG00000231507,
ENSG00000211655,
ENSG00000204165,
ENSG00000170054,
ENSG00000198496,
ENSG00000130234,
ENSG00000113396,
ENSG00000135226,
ENSG00000211798,
ENSG00000263266,
ENSG00000214612,
ENSG00000198758,
ENSG00000169474,
ENSG00000270318,
ENSG00000231584,
ENSG00000274602,
ENSG00000147573,
ENSG00000171101,
ENSG00000096088,
ENSG00000211720,
ENSG00000196296,
ENSG00000248909,
ENSG00000002745,
ENSG00000139540,
ENSG00000292361,
ENSG00000249993,
ENSG00000211951,
ENSG00000021852,
ENSG00000256162,
ENSG00000267106,
ENSG00000259490,
ENSG00000143194,
ENSG00000181234,
ENSG00000233382,
ENSG00000281344,
ENSG00000256667,
ENSG00000211647,
ENSG00000129862,
ENSG00000237797,
ENSG00000179676,
ENSG00000261701,
ENSG00000229613,
ENSG00000197353,
ENSG00000129437,
ENSG00000163209,
ENSG00000256590,
ENSG00000259527,
ENSG00000125878,
ENSG00000263934,
ENSG00000236337,
ENSG00000215769,
ENSG00000127831,
ENSG00000232117,
ENSG00000240509,
ENSG00000220008,
ENSG00000213432,
ENSG00000127318,
ENSG00000228548,
ENSG00000225442,
ENSG00000138109,
ENSG00000112494,
ENSG00000243836,
ENSG00000229806,
ENSG00000202515,
ENSG00000185834,
ENSG00000214535,
ENSG00000158497,
ENSG00000110203,
ENSG00000229152,
ENSG00000163736,
ENSG00000187783,
ENSG00000241641,
ENSG00000184068,
ENSG00000229228,
ENSG00000105642,
ENSG00000221817,
ENSG00000256797,
ENSG00000124196,
ENSG00000269911,
ENSG00000210100,
ENSG00000186715,
ENSG00000256713,
ENSG00000154511,
ENSG00000244649,
ENSG00000166143,
ENSG00000148677,
ENSG00000268471,
ENSG00000163518,
ENSG00000180383,
ENSG00000227097,
ENSG00000234690,
ENSG00000165376,
ENSG00000229980,
ENSG00000115850,
ENSG00000084734,
ENSG00000265962,
ENSG00000224607,
ENSG00000187848,
ENSG00000075388,
ENSG00000183242,
ENSG00000259517,
ENSG00000132967,
ENSG00000226360,
ENSG00000162877,
ENSG00000163395,
ENSG00000225978,
ENSG00000100346,
ENSG00000255987,
ENSG00000222037,
ENSG00000234899,
ENSG00000257345,
ENSG00000235944,
ENSG00000235552,
ENSG00000183298,
ENSG00000253239,
ENSG00000099251,
ENSG00000159784,
ENSG00000187689,
ENSG00000122432,
ENSG00000253618,
ENSG00000223914,
ENSG00000231160,
ENSG00000104722,
ENSG00000231793,
ENSG00000214851,
ENSG00000219507,
ENSG00000168334,
ENSG00000257242,
ENSG00000139239,
ENSG00000165300,
ENSG00000230937,
ENSG00000165496,
ENSG00000234965,
ENSG00000231006,
ENSG00000273142,
ENSG00000223525,
ENSG00000280734,
ENSG00000110244,
ENSG00000272752,
ENSG00000170516,
ENSG00000242860,
ENSG00000237668,
ENSG00000173578,
ENSG00000205534,
ENSG00000254166,
ENSG00000223756,
ENSG00000272645,
ENSG00000240132,
ENSG00000220785,
ENSG00000270986,
ENSG00000188599,
ENSG00000265123,
ENSG00000159723,
ENSG00000242071,
ENSG00000202502,
ENSG00000259974,
ENSG00000211819,
ENSG00000180747,
ENSG00000253957,
ENSG00000234274,
ENSG00000106178,
ENSG00000167165,
ENSG00000142515,
ENSG00000233603,
ENSG00000140465,
ENSG00000261040,
ENSG00000175766,
ENSG00000177173,
ENSG00000241560,
ENSG00000204175,
ENSG00000258704,
ENSG00000225523,
ENSG00000185674,
ENSG00000132872,
ENSG00000189343,
ENSG00000162383,
ENSG00000240032,
ENSG00000167676,
ENSG00000137875,
ENSG00000146469,
ENSG00000086967,
ENSG00000223724,
ENSG00000223609,
ENSG00000226721,
ENSG00000275158,
ENSG00000267119,
ENSG00000164796,
ENSG00000142698,
ENSG00000175868,
ENSG00000240616,
ENSG00000177103,
ENSG00000108702,
ENSG00000089558,
ENSG00000248693,
ENSG00000187258,
ENSG00000234093,
ENSG00000120055,
ENSG00000229487,
ENSG00000234546,
ENSG00000250036,
ENSG00000230424,
ENSG00000096264,
ENSG00000143632,
ENSG00000144130,
ENSG00000225193,
ENSG00000229056,
ENSG00000102145,
ENSG00000147113,
ENSG00000171246,
ENSG00000234709,
ENSG00000256582,
ENSG00000230587,
ENSG00000116652,
ENSG00000177669,
ENSG00000147231,
ENSG00000131355,
ENSG00000165716,
ENSG00000213433,
ENSG00000180861,
ENSG00000232928,
ENSG00000164265,
ENSG00000106128,
ENSG00000232788,
ENSG00000231752,
ENSG00000262943,
ENSG00000178947,
ENSG00000223396,
ENSG00000248099,
ENSG00000242094,
ENSG00000185897,
ENSG00000158578,
ENSG00000164485,
ENSG00000180638,
ENSG00000173702,
ENSG00000233913,
ENSG00000214402,
ENSG00000267809,
ENSG00000271288,
ENSG00000164690,
ENSG00000136929,
ENSG00000154898,
ENSG00000234409,
ENSG00000281026,
ENSG00000161634,
ENSG00000224081,
ENSG00000173585,
ENSG00000258116,
ENSG00000272734,
ENSG00000205361,
ENSG00000243284,
ENSG00000214182,
ENSG00000243680,
ENSG00000211944,
ENSG00000181524,
ENSG00000218208,
ENSG00000261834,
ENSG00000116147,
ENSG00000178965,
ENSG00000240914,
ENSG00000236502,
ENSG00000230701,
ENSG00000260448,
ENSG00000170290,
ENSG00000240342,
ENSG00000256379,
ENSG00000227525,
ENSG00000211665,
ENSG00000286237,
ENSG00000178803,
ENSG00000263883,
ENSG00000255245,
ENSG00000167800,
ENSG00000186231,
ENSG00000166926,
ENSG00000230076,
ENSG00000215595,
ENSG00000196228,
ENSG00000139610,
ENSG00000203804,
ENSG00000236830,
ENSG00000215580,
ENSG00000141194,
ENSG00000262074,
ENSG00000239247,
ENSG00000232888,
ENSG00000235385,
ENSG00000212961,
ENSG00000254174,
ENSG00000250011,
ENSG00000211672,
ENSG00000279296,
ENSG00000185198,
ENSG00000234009,
ENSG00000160870,
ENSG00000173237,
ENSG00000197616,
ENSG00000215184,
ENSG00000230530,
ENSG00000154975,
ENSG00000142538,
ENSG00000106341,
ENSG00000101323,
ENSG00000243759,
ENSG00000229331,
ENSG00000229816,
ENSG00000170486,
ENSG00000265684,
ENSG00000230673,
ENSG00000285373,
ENSG00000233308,
ENSG00000241288,
ENSG00000241563,
ENSG00000079557,
ENSG00000228668,
ENSG00000279066,
ENSG00000218052,
ENSG00000165325,
ENSG00000183571,
ENSG00000233747,
ENSG00000206177,
ENSG00000211979,
ENSG00000174460,
ENSG00000236670,
ENSG00000053438,
ENSG00000135409,
ENSG00000254285,
ENSG00000231365,
ENSG00000203414,
ENSG00000255071,
ENSG00000257666,
ENSG00000248626,
ENSG00000228590,
ENSG00000234572,
ENSG00000243227,
ENSG00000122043,
ENSG00000234782,
ENSG00000225079,
ENSG00000242493,
ENSG00000163464,
ENSG00000267712,
ENSG00000196565,
ENSG00000053328,
ENSG00000184374,
ENSG00000001626,
ENSG00000232429,
ENSG00000243592,
ENSG00000232439,
ENSG00000254326,
ENSG00000220583,
ENSG00000143536,
ENSG00000213231,
ENSG00000130368,
ENSG00000283047,
ENSG00000268940,
ENSG00000213693,
ENSG00000233732,
ENSG00000259699,
ENSG00000211639,
ENSG00000171595,
ENSG00000251513,
ENSG00000243544,
ENSG00000229132,
ENSG00000233266,
ENSG00000236804,
ENSG00000211838,
ENSG00000211675,
ENSG00000240225,
ENSG00000243964,
ENSG00000198744,
ENSG00000186235,
ENSG00000283293,
ENSG00000241941,
ENSG00000234851,
ENSG00000281560,
ENSG00000257718,
ENSG00000131142,
ENSG00000211715,
ENSG00000163501,
ENSG00000211731,
ENSG00000125804,
ENSG00000281183,
ENSG00000201221,
ENSG00000211597,
ENSG00000182566,
ENSG00000253883,
ENSG00000225920,
ENSG00000215414,
ENSG00000186895,
ENSG00000242358,
ENSG00000259337,
ENSG00000252118,
ENSG00000224281,
ENSG00000204653,
ENSG00000242294,
ENSG00000186652,
ENSG00000242571,
ENSG00000252311,
ENSG00000283698,
ENSG00000149021,
ENSG00000237238,
ENSG00000178343,
ENSG00000215105,
ENSG00000235374,
ENSG00000270472,
ENSG00000233325,
ENSG00000257048,
ENSG00000206579,
ENSG00000225067,
ENSG00000253709,
ENSG00000251348,
ENSG00000211667,
ENSG00000210112,
ENSG00000241120,
ENSG00000101342,
ENSG00000101441,
ENSG00000250959,
ENSG00000243560,
ENSG00000123454,
ENSG00000241233,
ENSG00000107147,
ENSG00000257906,
ENSG00000239218,
ENSG00000228649,
ENSG00000237106,
ENSG00000132446,
ENSG00000270467,
ENSG00000215244,
ENSG00000203865,
ENSG00000242170,
ENSG00000134538,
ENSG00000242808,
ENSG00000237674,
ENSG00000187682,
ENSG00000237135,
ENSG00000243175,
ENSG00000215544,
ENSG00000101951,
ENSG00000064205,
ENSG00000260518,
ENSG00000265366,
ENSG00000204685,
ENSG00000188996,
ENSG00000235029,
ENSG00000124391,
ENSG00000178429,
ENSG00000249700,
ENSG00000255587,
ENSG00000212743,
ENSG00000234028,
ENSG00000205922,
ENSG00000261704,
ENSG00000246560,
ENSG00000233328,
ENSG00000255319,
ENSG00000164129,
ENSG00000198618,
ENSG00000116996,
ENSG00000259590,
ENSG00000181541,
ENSG00000267083,
ENSG00000179766,
ENSG00000267123,
ENSG00000283050,
ENSG00000122136,
ENSG00000204767,
ENSG00000211857,
ENSG00000260265,
ENSG00000249649,
ENSG00000251994,
ENSG00000230409,
ENSG00000211837,
ENSG00000211958,
ENSG00000275549,
ENSG00000253734,
ENSG00000234785,
ENSG00000200156,
ENSG00000223729,
ENSG00000161912,
ENSG00000232022,
ENSG00000227560,
ENSG00000240233,
ENSG00000116748,
ENSG00000073754,
ENSG00000134193,
ENSG00000225511,
ENSG00000214433,
ENSG00000181074,
ENSG00000228589,
ENSG00000225423,
ENSG00000110680,
ENSG00000229703,
ENSG00000238063,
ENSG00000279873,
ENSG00000213411,
ENSG00000243422,
ENSG00000224821,
ENSG00000110887,
ENSG00000220848,
ENSG00000214439,
ENSG00000242971,
ENSG00000243609,
ENSG00000224892,
ENSG00000129152,
ENSG00000242100,
ENSG00000143839,
ENSG00000171195,
ENSG00000165874,
ENSG00000261556,
ENSG00000172016,
ENSG00000185640,
ENSG00000258511,
ENSG00000116882,
ENSG00000240877,
ENSG00000226580,
ENSG00000217767,
ENSG00000255409,
ENSG00000219085,
ENSG00000105370,
ENSG00000120051,
ENSG00000253959,
ENSG00000226757,
ENSG00000156755,
ENSG00000235763,
ENSG00000185710,
ENSG00000178395,
ENSG00000275874,
ENSG00000185002,
ENSG00000232858,
ENSG00000120937,
ENSG00000251432,
ENSG00000257135,
ENSG00000166211,
ENSG00000254030,
ENSG00000224003,
ENSG00000227543,
ENSG00000123201,
ENSG00000240531,
ENSG00000171658,
ENSG00000215475,
ENSG00000162391,
ENSG00000222414,
ENSG00000236333,
ENSG00000241511,
ENSG00000258551,
ENSG00000255151,
ENSG00000258710,
ENSG00000243806,
ENSG00000137766,
ENSG00000224411,
ENSG00000268964,
ENSG00000254266,
ENSG00000047936,
ENSG00000158571,
ENSG00000231940,
ENSG00000242829,
ENSG00000173401,
ENSG00000204710,
ENSG00000166856,
ENSG00000271130,
ENSG00000276674,
ENSG00000140835,
ENSG00000259706,
ENSG00000243954,
ENSG00000266946,
ENSG00000226525,
ENSG00000261618,
ENSG00000166947,
ENSG00000159224,
ENSG00000237840,
ENSG00000243051,
ENSG00000161610,
ENSG00000266420,
ENSG00000258673,
ENSG00000254046,
ENSG00000243353,
ENSG00000239183,
ENSG00000100341,
ENSG00000184423,
ENSG00000241081,
ENSG00000240250,
ENSG00000213885,
ENSG00000241506,
ENSG00000177984,
ENSG00000166573,
ENSG00000188816,
ENSG00000074276,
ENSG00000283314,
ENSG00000239272,
ENSG00000235957,
ENSG00000232472,
ENSG00000259230,
ENSG00000167780,
ENSG00000268758,
ENSG00000215878,
ENSG00000237412,
ENSG00000224699,
ENSG00000211844,
ENSG00000202392,
ENSG00000224019,
ENSG00000215223,
ENSG00000271952,
ENSG00000268654,
ENSG00000244073,
ENSG00000120337,
ENSG00000146755,
ENSG00000259315,
ENSG00000226498,
ENSG00000176826,
ENSG00000116032,
ENSG00000274516,
ENSG00000211654,
ENSG00000060303,
ENSG00000226935,
ENSG00000283554,
ENSG00000210127,
ENSG00000207501,
ENSG00000235363,
ENSG00000280969,
ENSG00000217643,
ENSG00000283444,
ENSG00000106631,
ENSG00000211633,
ENSG00000228929,
ENSG00000124103,
ENSG00000266777,
ENSG00000269837,
ENSG00000179840,
ENSG00000173868,
ENSG00000236519,
ENSG00000086506,
ENSG00000231333,
ENSG00000261649,
ENSG00000266913,
ENSG00000229473,
ENSG00000211739,
ENSG00000255120,
ENSG00000163737,
ENSG00000266304,
ENSG00000140932,
ENSG00000101292,
ENSG00000260941,
ENSG00000236499,
ENSG00000165553,
ENSG00000102055,
ENSG00000284543,
ENSG00000145087,
ENSG00000292337,
ENSG00000231503,
ENSG00000240160,
ENSG00000156006,
ENSG00000228067,
ENSG00000235354,
ENSG00000172867,
ENSG00000205439,
ENSG00000214198,
ENSG00000166819,
ENSG00000187026,
ENSG00000235092,
ENSG00000201558,
ENSG00000243323,
ENSG00000197744,
ENSG00000159516,
ENSG00000218358,
ENSG00000240750,
ENSG00000233622,
ENSG00000226891,
ENSG00000240759,
ENSG00000241680,
ENSG00000207175,
ENSG00000214359,
ENSG00000230068,
ENSG00000251046,
ENSG00000235141,
ENSG00000248846,
ENSG00000197575,
ENSG00000184502,
ENSG00000235459,
ENSG00000104499,
ENSG00000180867,
ENSG00000244641,
ENSG00000218996,
ENSG00000240767,
ENSG00000232850,
ENSG00000280594,
ENSG00000237984,
ENSG00000259054,
ENSG00000168070,
ENSG00000242736,
ENSG00000137090,
ENSG00000258869,
ENSG00000264017,
ENSG00000249119,
ENSG00000230945,
ENSG00000212802,
ENSG00000236577,
ENSG00000223392,
ENSG00000167941,
ENSG00000229018,
ENSG00000265735,
ENSG00000236184,
ENSG00000222057,
ENSG00000251604,
ENSG00000240005,
ENSG00000226928,
ENSG00000068985,
ENSG00000222810,
ENSG00000143595,
ENSG00000187559,
ENSG00000211847,
ENSG00000236776,
ENSG00000214897,
ENSG00000259158,
ENSG00000245888,
ENSG00000278661,
ENSG00000257495,
ENSG00000183444,
ENSG00000215016,
ENSG00000273265,
ENSG00000288602,
ENSG00000141096,
ENSG00000205754,
ENSG00000233070,
ENSG00000222383,
ENSG00000163157,
ENSG00000155622,
ENSG00000181215,
ENSG00000184612,
ENSG00000237872,
ENSG00000224464,
ENSG00000182698,
ENSG00000241983,
ENSG00000229133,
ENSG00000237406,
ENSG00000236330,
ENSG00000200169,
ENSG00000230872,
ENSG00000255200,
ENSG00000007001,
ENSG00000232134,
ENSG00000210154,
ENSG00000222162,
ENSG00000228232,
ENSG00000170890,
ENSG00000273540,
ENSG00000204959,
ENSG00000160505,
ENSG00000224895,
ENSG00000239917,
ENSG00000186115,
ENSG00000211656,
ENSG00000236397,
ENSG00000211623,
ENSG00000130700,
ENSG00000205837,
ENSG00000224822,
ENSG00000230789,
ENSG00000168348,
ENSG00000233590,
ENSG00000228960,
ENSG00000229659,
ENSG00000264916,
ENSG00000232587,
ENSG00000259379,
ENSG00000248227,
ENSG00000188585,
ENSG00000225076,
ENSG00000145642,
ENSG00000200355,
ENSG00000253120,
ENSG00000159182,
ENSG00000188263,
ENSG00000114113,
ENSG00000244671,
ENSG00000176933,
ENSG00000223466,
ENSG00000210176,
ENSG00000211861,
ENSG00000267959,
ENSG00000242853,
ENSG00000235508,
ENSG00000176601,
ENSG00000237560,
ENSG00000223305,
ENSG00000234142,
ENSG00000279727,
ENSG00000240423,
ENSG00000228599,
ENSG00000258613,
ENSG00000241061,
ENSG00000211957,
ENSG00000229384,
ENSG00000213934,
ENSG00000182156,
ENSG00000185847,
ENSG00000199805,
ENSG00000231090,
ENSG00000244256,
ENSG00000251179,
ENSG00000271215,
ENSG00000233435,
ENSG00000188038,
ENSG00000200795,
ENSG00000136149,
ENSG00000185028,
ENSG00000214188,
ENSG00000229937,
ENSG00000101200,
ENSG00000234354,
ENSG00000211867,
ENSG00000179967,
ENSG00000215548,
ENSG00000154608,
ENSG00000206597,
ENSG00000268066,
ENSG00000196183,
ENSG00000263563,
ENSG00000225039,
ENSG00000237818,
ENSG00000258404,
ENSG00000233040,
ENSG00000236751,
ENSG00000213033,
ENSG00000188873,
ENSG00000229654,
ENSG00000229236,
ENSG00000270863,
ENSG00000224315,
ENSG00000277282,
ENSG00000182383,
ENSG00000235262,
ENSG00000176194,
ENSG00000236992,
ENSG00000171873,
ENSG00000241975,
ENSG00000223956,
ENSG00000103375,
ENSG00000230337,
ENSG00000170279,
ENSG00000242741,
ENSG00000241112,
ENSG00000111046,
ENSG00000228956,
ENSG00000260992,
ENSG00000203435,
ENSG00000215467,
ENSG00000240183,
ENSG00000124003,
ENSG00000228175,
ENSG00000133742,
ENSG00000253919,
ENSG00000250591,
ENSG00000218265,
ENSG00000242641,
ENSG00000253822,
ENSG00000225760,
ENSG00000189182,
ENSG00000260048,
ENSG00000218283,
ENSG00000234452,
ENSG00000222872,
ENSG00000246985,
ENSG00000227376,
ENSG00000254012,
ENSG00000253188,
ENSG00000204837,
ENSG00000237082,
ENSG00000213363,
ENSG00000280620,
ENSG00000213300,
ENSG00000233198,
ENSG00000172023,
ENSG00000229644,
ENSG00000227256,
ENSG00000258285,
ENSG00000180988,
ENSG00000240823,
ENSG00000182351,
ENSG00000211845,
ENSG00000250891,
ENSG00000122852,
ENSG00000227382,
ENSG00000211657,
ENSG00000210156,
ENSG00000188779,
ENSG00000220517,
ENSG00000253741,
ENSG00000178172,
ENSG00000222726,
ENSG00000257800,
ENSG00000204110,
ENSG00000224861,
ENSG00000122543,
ENSG00000205359,
ENSG00000223575,
ENSG00000286095,
ENSG00000251237,
ENSG00000257557,
ENSG00000211871,
ENSG00000239481,
ENSG00000223922,
ENSG00000119715,
ENSG00000214688,
ENSG00000214415,
ENSG00000235899,
ENSG00000230043,
ENSG00000270806,
ENSG00000203783,
ENSG00000198822,
ENSG00000125872,
ENSG00000211841,
ENSG00000242697,
ENSG00000228939,
ENSG00000215771,
ENSG00000253631,
ENSG00000213275,
ENSG00000234031,
ENSG00000255274,
ENSG00000213714,
ENSG00000215454,
ENSG00000225338,
ENSG00000259261,
ENSG00000210144,
ENSG00000188050,
ENSG00000254902,
ENSG00000226564,
ENSG00000252620,
ENSG00000243859,
ENSG00000264229,
ENSG00000240457,
ENSG00000224543,
ENSG00000224568,
ENSG00000104415,
ENSG00000236682,
ENSG00000284325,
ENSG00000161973,
ENSG00000257127,
ENSG00000236762,
ENSG00000171201,
ENSG00000215606,
ENSG00000269929,
ENSG00000174957,
ENSG00000222724,
ENSG00000140107,
ENSG00000237991,
ENSG00000253218,
ENSG00000111245,
ENSG00000225405,
ENSG00000266160,
ENSG00000243398,
ENSG00000226976,
ENSG00000213025,
ENSG00000248492,
ENSG00000227375,
ENSG00000244378,
ENSG00000277987,
ENSG00000250731,
ENSG00000251215,
ENSG00000274978,
ENSG00000269244,
ENSG00000180090,
ENSG00000248278,
ENSG00000165621,
ENSG00000210194,
ENSG00000225693,
ENSG00000232316,
ENSG00000219433,
ENSG00000235272,
ENSG00000196431,
ENSG00000124657,
ENSG00000254233,
ENSG00000254418,
ENSG00000167910,
ENSG00000069206,
ENSG00000243543,
ENSG00000113520,
ENSG00000204072,
ENSG00000205279,
ENSG00000229692,
ENSG00000259746,
ENSG00000279897,
ENSG00000253481,
ENSG00000268223,
ENSG00000239577,
ENSG00000222019,
ENSG00000228808,
ENSG00000236463,
ENSG00000250133,
ENSG00000234040,
ENSG00000234518,
ENSG00000211885,
ENSG00000015592,
ENSG00000197901,
ENSG00000165953,
ENSG00000179774,
ENSG00000263818,
ENSG00000251666,
ENSG00000223715,
ENSG00000240371,
ENSG00000171496,
ENSG00000211676,
ENSG00000182048,
ENSG00000249353,
ENSG00000236388,
ENSG00000162753,
ENSG00000276058,
ENSG00000254029,
ENSG00000241282,
ENSG00000254346,
ENSG00000244134,
ENSG00000236535,
ENSG00000231579,
ENSG00000254289,
ENSG00000242992,
ENSG00000271620,
ENSG00000237758,
ENSG00000282508,
ENSG00000157884,
ENSG00000237793,
ENSG00000212829,
ENSG00000213051,
ENSG00000254154,
ENSG00000232077,
ENSG00000253448,
ENSG00000237338,
ENSG00000230071,
ENSG00000241458,
ENSG00000203876,
ENSG00000211767,
ENSG00000243883,
ENSG00000228536,
ENSG00000231241,
ENSG00000253534,
ENSG00000225101,
ENSG00000259585,
ENSG00000259384,
ENSG00000197838,
ENSG00000226212,
ENSG00000253930,
ENSG00000261949,
ENSG00000223416,
ENSG00000258482,
ENSG00000139648,
ENSG00000239039,
ENSG00000230097,
ENSG00000229054,
ENSG00000200731,
ENSG00000249840,
ENSG00000092009,
ENSG00000225192,
ENSG00000228218,
ENSG00000233893,
ENSG00000282164,
ENSG00000230301,
ENSG00000204791,
ENSG00000274588,
ENSG00000275132,
ENSG00000228146,
ENSG00000172967,
ENSG00000183604,
ENSG00000227805,
ENSG00000230777,
ENSG00000239884,
ENSG00000241959,
ENSG00000205231,
ENSG00000235802,
ENSG00000253802,
ENSG00000233354,
ENSG00000227264,
ENSG00000135902,
ENSG00000228219,
ENSG00000244232,
ENSG00000235221,
ENSG00000244582,
ENSG00000220377,
ENSG00000239794,
ENSG00000242229,
ENSG00000235656,
ENSG00000198406,
ENSG00000233730,
ENSG00000174715,
ENSG00000279058,
ENSG00000250331,
ENSG00000233578,
ENSG00000101349,
ENSG00000243650,
ENSG00000274963,
ENSG00000211678,
ENSG00000240392,
ENSG00000250827,
ENSG00000183246,
ENSG00000250902,
ENSG00000161180,
ENSG00000223543,
ENSG00000263627,
ENSG00000283083,
ENSG00000242889,
ENSG00000126549,
ENSG00000259246,
ENSG00000260452,
ENSG00000234523,
ENSG00000237757,
ENSG00000272281,
ENSG00000232912,
ENSG00000202347,
ENSG00000241420,
ENSG00000213935,
ENSG00000278416,
ENSG00000233426,
ENSG00000145839,
ENSG00000222268,
ENSG00000235214,
ENSG00000228847,
ENSG00000239742,
ENSG00000187733,
ENSG00000210164,
ENSG00000235472,
ENSG00000188451,
ENSG00000236523,
ENSG00000264031,
ENSG00000225940,
ENSG00000154646,
ENSG00000227802,
ENSG00000168703,
ENSG00000223540,
ENSG00000205871,
ENSG00000228168,
ENSG00000210107,
ENSG00000042813,
ENSG00000224707,
ENSG00000231341,
ENSG00000241129,
ENSG00000235316,
ENSG00000243297,
ENSG00000105205,
ENSG00000225171,
ENSG00000282308,
ENSG00000234664,
ENSG00000119973,
ENSG00000241942,
ENSG00000219355,
ENSG00000225924,
ENSG00000266282,
ENSG00000231560,
ENSG00000250254,
ENSG00000237575,
ENSG00000188403,
ENSG00000256134,
ENSG00000120211,
ENSG00000240828,
ENSG00000235330,
ENSG00000232606,
ENSG00000226632,
ENSG00000231171,
ENSG00000237136,
ENSG00000231169,
ENSG00000270356,
ENSG00000244229,
ENSG00000169393,
ENSG00000230020,
ENSG00000284239,
ENSG00000253590,
ENSG00000243519,
ENSG00000254876,
ENSG00000253770,
ENSG00000270864,
ENSG00000126545,
ENSG00000239223,
ENSG00000214760,
ENSG00000231625,
ENSG00000234186,
ENSG00000253463,
ENSG00000258640,
ENSG00000236809,
ENSG00000242931,
ENSG00000181778,
ENSG00000255469,
ENSG00000233560,
ENSG00000230126,
ENSG00000178734,
ENSG00000271278,
ENSG00000239263,
ENSG00000184100,
ENSG00000231304,
ENSG00000176988,
ENSG00000258886,
ENSG00000207248,
ENSG00000268785,
ENSG00000173908,
ENSG00000267676,
ENSG00000227939,
ENSG00000213950,
ENSG00000177476,
ENSG00000236148,
ENSG00000227177,
ENSG00000232333,
ENSG00000239198,
ENSG00000172478,
ENSG00000241278,
ENSG00000267402,
ENSG00000233158,
ENSG00000172362,
ENSG00000232044,
ENSG00000267185,
ENSG00000257488,
ENSG00000160349,
ENSG00000225770,
ENSG00000244321,
ENSG00000270441,
ENSG00000282320,
ENSG00000237522,
ENSG00000228382,
ENSG00000270670,
ENSG00000177822,
ENSG00000142025,
ENSG00000254656,
ENSG00000254843,
ENSG00000259303,
ENSG00000213309,
ENSG00000248476,
ENSG00000225093,
ENSG00000234911,
ENSG00000254271,
ENSG00000199325,
ENSG00000253431,
ENSG00000233072,
ENSG00000277452,
ENSG00000225535,
ENSG00000244588,
ENSG00000230508,
ENSG00000242241,
ENSG00000207392,
ENSG00000233254,
ENSG00000239269,
ENSG00000225900,
ENSG00000264322,
ENSG00000285122,
ENSG00000125571,
ENSG00000242060,
ENSG00000204776,
ENSG00000239830,
ENSG00000278746,
ENSG00000212370,
ENSG00000210151,
ENSG00000206605,
ENSG00000232684,
ENSG00000228828,
ENSG00000204025,
ENSG00000213492,
ENSG00000251003,
ENSG00000211764,
ENSG00000226562,
ENSG00000242320,
ENSG00000258016,
ENSG00000228938,
ENSG00000244661,
ENSG00000235812,
ENSG00000261097,
ENSG00000165204,
ENSG00000264041,
ENSG00000250170,
ENSG00000179796,
ENSG00000262117,
ENSG00000226604,
ENSG00000253421,
ENSG00000162947,
ENSG00000234264,
ENSG00000236581,
ENSG00000146857,
ENSG00000148136,
ENSG00000250474,
ENSG00000239910,
ENSG00000213713,
ENSG00000236296,
ENSG00000267023,
ENSG00000127589,
ENSG00000183733,
ENSG00000232685,
ENSG00000254114,
ENSG00000219163,
ENSG00000240270,
ENSG00000234772,
ENSG00000242142,
ENSG00000196205,
ENSG00000238263,
ENSG00000226478,
ENSG00000255582,
ENSG00000275014,
ENSG00000260286,
ENSG00000229557,
ENSG00000271710,
ENSG00000231035,
ENSG00000239201,
ENSG00000198881,
ENSG00000182000,
ENSG00000229948,
ENSG00000237670,
ENSG00000211693,
ENSG00000241429,
ENSG00000227071,
ENSG00000283361,
ENSG00000228415,
ENSG00000258872,
ENSG00000286733,
ENSG00000248449,
ENSG00000259125,
ENSG00000186766,
ENSG00000225215,
ENSG00000233750,
ENSG00000214629,
ENSG00000251056,
ENSG00000262759,
ENSG00000250290,
ENSG00000257818,
ENSG00000259781,
ENSG00000230601,
ENSG00000231167,
ENSG00000206633,
ENSG00000183199,
ENSG00000188992,
ENSG00000176294,
ENSG00000205482,
ENSG00000256826,
ENSG00000255725,
ENSG00000239122,
ENSG00000243370,
ENSG00000089116,
ENSG00000224476,
ENSG00000092345,
ENSG00000225025,
ENSG00000228492,
ENSG00000226948,
ENSG00000229992,
ENSG00000164438,
ENSG00000222112,
ENSG00000235777,
ENSG00000242876,
ENSG00000137634,
ENSG00000239221,
ENSG00000135824,
ENSG00000186038,
ENSG00000260576,
ENSG00000267057,
ENSG00000230204,
ENSG00000201492,
ENSG00000199377,
ENSG00000244485,
ENSG00000207205,
ENSG00000224680,
ENSG00000259512,
ENSG00000200183,
ENSG00000243404,
ENSG00000213916,
ENSG00000252361,
ENSG00000144820,
ENSG00000281392,
ENSG00000264448,
ENSG00000213130,
ENSG00000270479,
ENSG00000259535,
ENSG00000228723,
ENSG00000200403,
ENSG00000221102,
ENSG00000225231,
ENSG00000225712,
ENSG00000144410,
ENSG00000259660,
ENSG00000232373,
ENSG00000259374,
ENSG00000270264,
ENSG00000105988,
ENSG00000234527,
ENSG00000149435,
ENSG00000203908,
ENSG00000179571,
ENSG00000263955,
ENSG00000128438,
ENSG00000183535,
ENSG00000179055,
ENSG00000233690,
ENSG00000234176,
ENSG00000250432,
ENSG00000109851,
ENSG00000221971,
ENSG00000228499,
ENSG00000150783,
ENSG00000226677,
ENSG00000217026,
ENSG00000207208,
ENSG00000226516,
ENSG00000241735,
ENSG00000254791,
ENSG00000211771,
ENSG00000248568,
ENSG00000236493,
ENSG00000177590,
ENSG00000225014,
ENSG00000226701,
ENSG00000165682,
ENSG00000225110,
ENSG00000234925,
ENSG00000200683,
ENSG00000181616,
ENSG00000236539,
ENSG00000224177,
ENSG00000258876,
ENSG00000230399,
ENSG00000240718,
ENSG00000214465,
ENSG00000249616,
ENSG00000184385,
ENSG00000006659,
ENSG00000201367,
ENSG00000183560,
ENSG00000260220,
ENSG00000272533,
ENSG00000244585,
ENSG00000233080,
ENSG00000234882,
ENSG00000240489,
ENSG00000242285,
ENSG00000212163,
ENSG00000242085,
ENSG00000199874,
ENSG00000248698,
ENSG00000236646,
ENSG00000255303,
ENSG00000166569,
ENSG00000229419,
ENSG00000222607,
ENSG00000230663,
ENSG00000225137,
ENSG00000214761,
ENSG00000233380,
ENSG00000228807,
ENSG00000174970,
ENSG00000228502,
ENSG00000242067,
ENSG00000204173,
ENSG00000169575,
ENSG00000261340,
ENSG00000244301,
ENSG00000232422,
ENSG00000240138,
ENSG00000255763,
ENSG00000227887,
ENSG00000232837,
ENSG00000266952,
ENSG00000261645,
ENSG00000232724,
ENSG00000216854,
ENSG00000239440,
ENSG00000186306,
ENSG00000237827,
ENSG00000162399,
ENSG00000182814,
ENSG00000224358,
ENSG00000258583,
ENSG00000254884,
ENSG00000279636,
ENSG00000214326,
ENSG00000202415,
ENSG00000204010,
ENSG00000236312,
ENSG00000238228,
ENSG00000219986,
ENSG00000230564,
ENSG00000253315,
ENSG00000242640,
ENSG00000250539,
ENSG00000235084,
ENSG00000258469,
ENSG00000236307,
ENSG00000280953,
ENSG00000229456,
ENSG00000217027,
ENSG00000229753,
ENSG00000164900,
ENSG00000232393,
ENSG00000263360,
ENSG00000265345,
ENSG00000282625,
ENSG00000264438,
ENSG00000225246,
ENSG00000276088,
ENSG00000182346,
ENSG00000201028,
ENSG00000226937,
ENSG00000258608,
ENSG00000243702,
ENSG00000255323,
ENSG00000239797,
ENSG00000283948,
ENSG00000259997,
ENSG00000248180,
ENSG00000253240,
ENSG00000236281,
ENSG00000270813,
ENSG00000243911,
ENSG00000215853,
ENSG00000265942,
ENSG00000177462,
ENSG00000181273,
ENSG00000243313,
ENSG00000238103,
ENSG00000259218,
ENSG00000250182,
ENSG00000188985,
ENSG00000225569,
ENSG00000254449,
ENSG00000242979,
ENSG00000203489,
ENSG00000283709,
ENSG00000163098,
ENSG00000211641,
ENSG00000255014,
ENSG00000214832,
ENSG00000172746,
ENSG00000260229,
ENSG00000224854,
ENSG00000268949,
ENSG00000266563,
ENSG00000262628,
ENSG00000138892,
ENSG00000234036,
ENSG00000253338,
ENSG00000199883,
ENSG00000230216,
ENSG00000242515,
ENSG00000173714,
ENSG00000264862,
ENSG00000266075,
ENSG00000262402,
ENSG00000277374,
ENSG00000120094,
ENSG00000224034,
ENSG00000264663,
ENSG00000163914,
ENSG00000236345,
ENSG00000231849,
ENSG00000203799,
ENSG00000232024,
ENSG00000227510,
ENSG00000169006,
ENSG00000272837,
ENSG00000124097,
ENSG00000238172,
ENSG00000254215,
ENSG00000226251,
ENSG00000224451,
ENSG00000269855,
ENSG00000243711,
ENSG00000255262,
ENSG00000249264,
ENSG00000242436,
ENSG00000213343,
ENSG00000234145,
ENSG00000178130,
ENSG00000225328,
ENSG00000282933,
ENSG00000226258,
ENSG00000171855,
ENSG00000233876,
ENSG00000234614,
ENSG00000231884,
ENSG00000230311,
ENSG00000222222,
ENSG00000214203,
ENSG00000203416,
ENSG00000225552,
ENSG00000229184,
ENSG00000235917,
ENSG00000228501,
ENSG00000177558,
ENSG00000267717,
ENSG00000249987,
ENSG00000214062,
ENSG00000230793,
ENSG00000241136,
ENSG00000226318,
ENSG00000205578,
ENSG00000242445,
ENSG00000211595,
ENSG00000258292,
ENSG00000253325,
ENSG00000217094,
ENSG00000223692,
ENSG00000212176,
ENSG00000214273,
ENSG00000233971,
ENSG00000237007,
ENSG00000241590,
ENSG00000256424,
ENSG00000251667,
ENSG00000240905,
ENSG00000249454,
ENSG00000265093,
ENSG00000225355,
ENSG00000184032,
ENSG00000243988,
ENSG00000180720,
ENSG00000250562,
ENSG00000202058,
ENSG00000214264,
ENSG00000211768,
ENSG00000256151,
ENSG00000243167,
ENSG00000227401,
ENSG00000203321,
ENSG00000165588,
ENSG00000206147,
ENSG00000259717,
ENSG00000242207,
ENSG00000257576,
ENSG00000245479,
ENSG00000261205,
ENSG00000226428,
ENSG00000280466,
ENSG00000197938,
ENSG00000236764,
ENSG00000258245,
ENSG00000128276,
ENSG00000259852,
ENSG00000282420,
ENSG00000224858,
ENSG00000280683,
ENSG00000265102,
ENSG00000253365,
ENSG00000253451,
ENSG00000169330,
