Gene,Methods where it appears,Biological relevance (dataset context),Relevance score
CD3E,Curated,T cell receptor complex marker,3.3426891619296564
KRT19,Curated,EMT Epithelial,2.32270689127006
COL1A1,Curated,ECM Fibroblast,2.3185714851729826
KRT18,Curated,EMT Epithelial,2.351611813081582
S100A1,Curated,High-ranking informative gene,1.171156837460442
COL1A2,Curated,ECM Fibroblast,2.2862574495127337
KRT8,Curated,EMT Epithelial,2.2672064403118024
CD2,Curated,High-ranking informative gene,2.148562107471012
SPARC,Curated,ECM Fibroblast,2.5454215271324903
DCN,Curated,ECM Fibroblast,2.053020136262008
CD24,Curated,High-ranking informative gene,1.4464942582883644
LUM,Curated,ECM Fibroblast,1.9812138148280551
CALD1,Curated,High-ranking informative gene,1.5977583279338998
SFRP2,Curated,High-ranking informative gene,1.10446973923072
SPOCK2,Curated,High-ranking informative gene,1.889349201444884
TYROBP,Curated,High-ranking informative gene,1.3556814103222172
CST7,Curated,High-ranking informative gene,1.9511167520976065
CD7,Curated,High-ranking informative gene,1.970302628567671
CD3D,Curated,T cell receptor complex marker,3.2018786695945494
SPARCL1,Curated,High-ranking informative gene,1.2029689538986186
IL7R,Curated,Immune other marker,2.934717129608764
MS4A1,Curated,B cell marker,2.356085650446944
NKG7,Curated,NK cytotoxic marker,2.885396754475445
CD69,Curated,Immune other marker,2.963343179338614
FCER1G,Curated,High-ranking informative gene,1.2739645420390986
CCDC80,Curated,High-ranking informative gene,1.1000948225485558
AIF1,Curated,High-ranking informative gene,1.1650260951830904
COL5A2,Curated,ECM Fibroblast,1.894722082067107
TM4SF1,Curated,High-ranking informative gene,1.260192045081689
BGN,Curated,High-ranking informative gene,1.3421475680403958
CD79A,Curated,B cell marker,2.155248335818868
LYZ,Curated,Immune other marker,2.73971932939552
APOE,Curated,High-ranking informative gene,1.6006922956599388
C1QB,Curated,High-ranking informative gene,1.164794233379602
C1QC,Curated,High-ranking informative gene,1.0815067161594336
C1QA,Curated,High-ranking informative gene,1.1230095562078577
THY1,Curated,ECM Fibroblast,1.8898350895271256
PLVAP,Curated,High-ranking informative gene,0.8326683771913499
TPM2,Curated,High-ranking informative gene,1.336670737016622
GZMA,Curated,High-ranking informative gene,1.633269564267286
CRYAB,Curated,High-ranking informative gene,1.305920686180352
IGKC,Curated,High-ranking informative gene,1.6798918778451053
FN1,Curated,EMT Epithelial,2.612603466260081
MLANA,Curated,High-ranking informative gene,0.9626953176617716
FABP4,Curated,High-ranking informative gene,0.9427689620763426
VWF,Curated,Hypoxia Angiogenesis,1.6573924668342936
GZMK,Curated,NK cytotoxic marker,2.5335973947914643
GZMB,Curated,NK cytotoxic marker,3.585026215768085
CD8A,Curated,Immune other marker,2.6103733239653075
IGFBP5,Curated,High-ranking informative gene,1.1969593311030315
JCHAIN,Curated,High-ranking informative gene,1.0155547324122591
AEBP1,Curated,High-ranking informative gene,1.238057310215857
VCAN,Curated,High-ranking informative gene,1.1843556293039246
CTHRC1,Curated,High-ranking informative gene,1.218791854919146
MS4A6A,Curated,High-ranking informative gene,1.0741857846176002
APOD,Curated,High-ranking informative gene,1.414982700913352
COL5A1,Curated,ECM Fibroblast,1.8083320722103744
CXCL12,Curated,Chemokine,2.292611070911416
CLDN5,Curated,High-ranking informative gene,0.7992026732581137
TIMP3,Curated,ECM Fibroblast,2.159294985110776
ASPN,Curated,High-ranking informative gene,0.8984575550521977
DPT,Curated,High-ranking informative gene,0.8640169480489239
ADIRF,Curated,High-ranking informative gene,1.2963412073319964
C1S,Curated,High-ranking informative gene,1.2277702157903445
KRT5,Curated,EMT Epithelial,1.6375086779999335
SFRP4,Curated,High-ranking informative gene,0.8641567648805111
RAMP2,Curated,High-ranking informative gene,0.9838835606430812
CXCL14,Curated,High-ranking informative gene,1.079003461576141
MMP11,Curated,ECM Fibroblast,1.7844778729958086
IGLC2,Curated,High-ranking informative gene,1.623573732529742
ACKR1,Curated,High-ranking informative gene,0.7759020691420105
CLU,Curated,High-ranking informative gene,1.44769494599558
COL4A1,Curated,ECM Fibroblast,1.818896955207572
ADGRL4,Curated,High-ranking informative gene,0.7923617912735661
CLEC14A,Curated,High-ranking informative gene,0.7947546368345593
TNFRSF4,Curated,TNFR superfamily,2.458645575169264
CXCL8,Curated,Chemokine,2.178234093256896
SPP1,Curated,Immune other marker,2.616663879904319
NDUFA4L2,Curated,High-ranking informative gene,0.9775703784806394
CD36,Curated,High-ranking informative gene,0.9410118761538576
APOC1,Curated,High-ranking informative gene,1.2949724639070082
TYRP1,Curated,High-ranking informative gene,1.1304795540801658
A2M,Curated,High-ranking informative gene,1.4552728141380449
IGLL5,Curated,High-ranking informative gene,1.1758475230916996
FCGR3A,Curated,Mono Macrophage marker,2.2103074152473963
TIGIT,Curated,Immune other marker,3.680406868251266
CAVIN2,Curated,High-ranking informative gene,0.7619836767397572
S100A9,Curated,Neutrophil MDSC marker,2.4323973821835003
COL10A1,Curated,ECM Fibroblast,1.6430450956310827
CD68,Curated,High-ranking informative gene,1.2849757556253154
ALB,Curated,High-ranking informative gene,0.8866724707975165
IGF2,Curated,High-ranking informative gene,0.9942592438583024
RGS5,Curated,Vasculature,1.9032626229823568
IL1B,Curated,Cytokine,2.1638026766427494
G0S2,Curated,High-ranking informative gene,0.8988144349133709
IGF1,Curated,High-ranking informative gene,0.8949764028132727
S100A8,Curated,Neutrophil MDSC marker,2.152817934185108
CCL2,Curated,Chemokine,2.307081734348952
CILP,Curated,High-ranking informative gene,0.7982437615266708
PTGDS,Curated,High-ranking informative gene,0.9820088524334648
MMP9,Curated,ECM Fibroblast,1.7134166962217856
COMP,Curated,High-ranking informative gene,0.784026782691831
TTR,Curated,High-ranking informative gene,0.7530876540518272
RAMP3,Curated,High-ranking informative gene,0.8137931979429407
AMBP,Curated,High-ranking informative gene,0.741947407765779
RBP7,Curated,High-ranking informative gene,0.8982554743389132
IGFBP3,Curated,High-ranking informative gene,1.0756560280367249
RARRES1,Curated,High-ranking informative gene,0.97777469511596
LINC01320,Curated,High-ranking informative gene,0.716668477954741
SRGN,Curated,High-ranking informative gene,2.9856113124061343
LAPTM5,Curated,High-ranking informative gene,2.698690163385289
TMSB4X,Curated,High-ranking informative gene,4.721863420801938
CD74,Curated,Immune other marker,5.0
CORO1A,Curated,High-ranking informative gene,2.490774477755261
COL6A2,Curated,ECM Fibroblast,2.059845568848496
S100A4,Curated,High-ranking informative gene,3.0200812247335267
CD52,Curated,High-ranking informative gene,2.468767911027013
COL6A1,Curated,ECM Fibroblast,2.0168046561844992
CXCR4,Curated,Chemokine receptor,3.710931637312208
IL32,Curated,Cytokine,3.918452182454628
RACK1,Curated,High-ranking informative gene,3.388760169854804
IGFBP7,Curated,High-ranking informative gene,1.4722263088666518
AZGP1,Curated,High-ranking informative gene,1.1007037358329643
COL6A3,Curated,ECM Fibroblast,2.1921276552804896
KRT7,Curated,EMT Epithelial,1.917208573751336
IGFBP4,Curated,High-ranking informative gene,1.5284080870271517
CST3,Curated,High-ranking informative gene,2.268680482012428
S100A14,Curated,High-ranking informative gene,1.015530909905987
TRBC2,Curated,T cell receptor complex marker,3.1360723363971434
RARRES2,Curated,High-ranking informative gene,1.106057786696938
MGP,Curated,High-ranking informative gene,1.9426924928953937
TSC22D3,Curated,High-ranking informative gene,2.8610915414935443
HLA-DRB5,Curated,High-ranking informative gene,2.0697189658138297
S100B,Curated,High-ranking informative gene,1.093396836985127
MMP2,Curated,ECM Fibroblast,1.89804237501864
LCK,Curated,High-ranking informative gene,1.7654889871259327
IFITM1,Curated,High-ranking informative gene,3.070587037741699
RGS1,Curated,High-ranking informative gene,1.972924231225948
BTG1,Curated,High-ranking informative gene,3.491222850561868
ATP5F1E,Curated,High-ranking informative gene,3.128446247108097
TRAC,Curated,T cell receptor complex marker,2.762734150510988
CTSK,Curated,High-ranking informative gene,1.110868941295628
ZFP36L2,Curated,High-ranking informative gene,3.2321631927341072
PMEL,Curated,High-ranking informative gene,1.0021916496593353
KRT15,Curated,High-ranking informative gene,0.892708735900839
ZFP36,Curated,High-ranking informative gene,3.065641503297781
SLPI,Curated,High-ranking informative gene,0.9032279690752404
GIMAP7,Curated,High-ranking informative gene,1.6824898631240714
MDK,Curated,High-ranking informative gene,1.4736503932094756
MYL9,Curated,High-ranking informative gene,1.280655527593328
DUSP2,Curated,High-ranking informative gene,1.96614708876694
POSTN,Curated,High-ranking informative gene,1.017849176495251
TFF3,Curated,High-ranking informative gene,1.0362440540157782
SERPINE2,Curated,High-ranking informative gene,1.1560218209154296
TIMP1,Curated,ECM Fibroblast,3.0471865663960704
LTB,Curated,High-ranking informative gene,1.715928051205041
RNASE1,Curated,High-ranking informative gene,1.3653688706901914
MFAP4,Curated,High-ranking informative gene,0.9626603949161404
KRT14,Curated,EMT Epithelial,1.6217913718510832
JUNB,Curated,Stress Senescence,3.876004905925418
IFITM3,Curated,High-ranking informative gene,2.890454136700555
ACTA2,Curated,ECM Fibroblast,2.08514063543048
CD27,Curated,Immune other marker,2.5774124081194176
TAGLN,Curated,ECM Fibroblast,2.078498224803793
CREM,Curated,High-ranking informative gene,1.929849902022556
AQP1,Curated,High-ranking informative gene,0.7948060632515539
DCT,Curated,High-ranking informative gene,0.8750086533749022
CRABP1,Curated,High-ranking informative gene,0.8284754912158919
KRT17,Curated,EMT Epithelial,1.6606932482138534
TXNIP,Curated,High-ranking informative gene,2.8180690568183246
WFDC2,Curated,High-ranking informative gene,0.8436124209468676
PLAC9,Curated,High-ranking informative gene,0.8748981165150321
MUCL1,Curated,High-ranking informative gene,1.0974117127031449
TACSTD2,Curated,High-ranking informative gene,0.9771325655430928
SERPING1,Curated,High-ranking informative gene,1.509931307509754
SFN,Curated,High-ranking informative gene,0.8149411247371142
CTSW,Curated,High-ranking informative gene,1.4132798213034188
HSPB1,Curated,Stress Senescence,3.531774922741668
PECAM1,Curated,Hypoxia Angiogenesis,1.806085894775812
DUSP1,Curated,Stress Senescence,3.442731756063376
AGR2,Curated,High-ranking informative gene,0.8290659314413147
CALML5,Curated,High-ranking informative gene,0.8201124655448278
IGKV4-1,Curated,High-ranking informative gene,1.6949097157922952
TFF1,Curated,High-ranking informative gene,0.8561657835205954
COL12A1,Curated,ECM Fibroblast,1.77739140226162
TCL1A,Curated,High-ranking informative gene,0.9415867695370574
FABP7,Curated,High-ranking informative gene,0.8409509514117418
FOS,Curated,RAS MAPK,3.564894292506012
SCGB2A2,Curated,High-ranking informative gene,0.9634751953832856
TRAT1,Curated,High-ranking informative gene,1.2228477261424786
MZB1,Curated,Plasma cell marker,2.017307263946889
CD63,Curated,High-ranking informative gene,2.7486532933038355
PRF1,Curated,NK cytotoxic marker,3.538843233308845
GPR183,Curated,High-ranking informative gene,1.406668067033199
SPI1,Curated,High-ranking informative gene,0.9638130324170469
IGLV3-21,Curated,High-ranking informative gene,1.7132188262993089
SELL,Curated,Immune other marker,2.5195422382379844
NEAT1,Curated,High-ranking informative gene,2.9807197119188307
GNLY,Curated,NK cytotoxic marker,2.3388641196221225
FCN1,Curated,High-ranking informative gene,0.9416378520163003
CP,Curated,High-ranking informative gene,0.7847483415052776
APOA2,Curated,High-ranking informative gene,0.8345911187219581
MXRA5,Curated,High-ranking informative gene,0.8753800672095245
CXCR3,Curated,Th1 marker,2.4196642463802376
APOC3,Curated,High-ranking informative gene,0.7791053085935871
COL14A1,Curated,ECM Fibroblast,1.6406175247708683
S100A2,Curated,High-ranking informative gene,0.7679014826992083
HSPA1A,Curated,Stress Senescence,2.9806223549936823
S100P,Curated,High-ranking informative gene,0.765992701961898
LTF,Curated,High-ranking informative gene,0.8530772897327811
C1orf162,Curated,High-ranking informative gene,1.0633594319244282
CRABP2,Curated,High-ranking informative gene,1.0935068766079907
THBS2,Curated,High-ranking informative gene,0.9080746236967484
GZMH,Curated,High-ranking informative gene,1.1448556863157235
KLRB1,Curated,Immune other marker,2.18687962376949
CD8B,Curated,Immune other marker,2.349876607322169
NCF1,Curated,High-ranking informative gene,1.213059790681725
PIP,Curated,High-ranking informative gene,0.8044587921495125
PHGR1,Curated,High-ranking informative gene,0.7014545664284543
LST1,Curated,Mono Macrophage marker,2.053843627465646
CD34,Curated,Vasculature,1.580126289512234
ESAM,Curated,High-ranking informative gene,0.7428384042986335
C15orf48,Curated,High-ranking informative gene,0.9011139723888634
LAG3,Curated,Immune other marker,3.420349690353974
CAV1,Curated,High-ranking informative gene,1.2623781339806226
C3,Curated,High-ranking informative gene,1.0567219959249323
IRF8,Curated,High-ranking informative gene,1.0617023177709055
FBN1,Curated,High-ranking informative gene,0.8952011762412719
PRSS23,Curated,High-ranking informative gene,1.2249280823872966
BANK1,Curated,High-ranking informative gene,0.9960111539557904
COL4A2,Curated,ECM Fibroblast,1.780767755243359
CHI3L1,Curated,High-ranking informative gene,1.0712187489736276
XCL1,Curated,High-ranking informative gene,0.8796844396325283
CXCL3,Curated,Chemokine,2.014222519846636
FSTL1,Curated,High-ranking informative gene,1.11431335627204
TNFRSF18,Curated,TNFR superfamily,2.4767035342834727
COL15A1,Curated,ECM Fibroblast,1.6670130272743855
CD83,Curated,High-ranking informative gene,1.1529983444522844
CXCL9,Curated,Chemokine,2.04331717387004
CCL19,Curated,Chemokine,1.950749314857908
POU2AF1,Curated,High-ranking informative gene,0.8449533163227421
HSP90AA1,Curated,Stress Senescence,4.3735763979204565
PLEK,Curated,High-ranking informative gene,1.103999368304253
CXCL2,Curated,Chemokine,2.130673921453039
CAVIN1,Curated,High-ranking informative gene,1.1345657009566803
FDCSP,Curated,High-ranking informative gene,0.9334370229999176
IGHGP,Curated,High-ranking informative gene,0.8061264205384673
CD93,Curated,High-ranking informative gene,0.7741313247055854
HSPA6,Curated,Stress Senescence,1.6701237070979928
IGFBP6,Curated,High-ranking informative gene,0.8457847419664437
CD14,Curated,High-ranking informative gene,1.0380812268248742
CYBB,Curated,High-ranking informative gene,0.9307128574287488
CCR7,Curated,Immune other marker,2.349142177022028
CHGB,Curated,High-ranking informative gene,0.7525014770979399
LY9,Curated,High-ranking informative gene,1.0491266887651145
HLA-DMB,Curated,High-ranking informative gene,1.166955740506778
HLA-DQA2,Curated,High-ranking informative gene,1.0565637542871509
CD163,Curated,High-ranking informative gene,0.8415076147645727
NNMT,Curated,High-ranking informative gene,1.1968139629194503
CD19,Curated,High-ranking informative gene,1.0285297342826751
CSF1R,Curated,Mono Macrophage marker,1.9773726340608524
COL11A1,Curated,ECM Fibroblast,1.6207144198390355
TF,Curated,High-ranking informative gene,1.0146531188704997
LCN2,Curated,High-ranking informative gene,0.6963109553704336
CALCRL,Curated,High-ranking informative gene,0.7777010672073519
SOD3,Curated,High-ranking informative gene,0.9333736166104948
KRT16,Curated,High-ranking informative gene,0.7098349180058626
ELN,Curated,High-ranking informative gene,0.7936964540056914
ROBO4,Curated,High-ranking informative gene,0.67626834007421
GJA4,Curated,High-ranking informative gene,0.6712296146605101
CDH5,Curated,High-ranking informative gene,0.6833176406592235
AGR3,Curated,High-ranking informative gene,0.7192974579292593
MS4A7,Curated,High-ranking informative gene,0.9441344893276528
MIR155HG,Curated,High-ranking informative gene,0.981432123442032
MMP7,Curated,ECM Fibroblast,1.5289576298105445
MNDA,Curated,High-ranking informative gene,0.8740739020002664
ZNF683,Curated,High-ranking informative gene,0.8514791200163632
KRT81,Curated,High-ranking informative gene,0.8122630410359064
MSR1,Curated,High-ranking informative gene,0.8517390818178714
TREM2,Curated,High-ranking informative gene,0.7671690235695726
RBP4,Curated,High-ranking informative gene,0.8413759514828785
SELENOP,Curated,High-ranking informative gene,1.209433887800853
COL2A1,Curated,ECM Fibroblast,1.508572779381634
JUN,Curated,RAS MAPK,3.71860725008349
CALHM6,Curated,High-ranking informative gene,0.8309531740135814
ADGRF5,Curated,High-ranking informative gene,0.6980576633664979
BTNL9,Curated,High-ranking informative gene,0.6801672927794523
OGN,Curated,High-ranking informative gene,0.7111670187248736
PPDPFL,Curated,High-ranking informative gene,0.6661744690102767
MS4A4A,Curated,High-ranking informative gene,0.8080906648992987
HMOX1,Curated,Stress Senescence,1.7281837014167962
VSIG4,Curated,High-ranking informative gene,0.8412497837096916
GABRP,Curated,High-ranking informative gene,0.7162953224733928
ACSM2A,Curated,High-ranking informative gene,0.6153018452427037
SLC11A1,Curated,High-ranking informative gene,0.8144086010267999
FGG,Curated,High-ranking informative gene,0.6727183006773964
FCGR1A,Curated,High-ranking informative gene,0.7784663744156668
TNFRSF17,Curated,TNFR superfamily,1.9686781545962897
ADH1B,Curated,High-ranking informative gene,0.6414805316582235
SCGB1D2,Curated,High-ranking informative gene,0.8474060374442626
VTN,Curated,High-ranking informative gene,0.6336414735809125
VPREB3,Curated,High-ranking informative gene,0.8018595291557506
MFAP5,Curated,High-ranking informative gene,0.8001569478607622
SCRG1,Curated,High-ranking informative gene,0.7011829569948465
ACAN,Curated,High-ranking informative gene,0.656100252630164
SCGB1B2P,Curated,High-ranking informative gene,0.7488981896132243
TAT,Curated,High-ranking informative gene,0.6623156221780936
PNOC,Curated,High-ranking informative gene,0.8152840892168394
OLR1,Curated,High-ranking informative gene,0.7820327865017517
KRT6B,Curated,High-ranking informative gene,0.6954544291767745
FCRL5,Curated,High-ranking informative gene,0.9016271786403136
ITGBL1,Curated,High-ranking informative gene,0.7137439085104456
TM4SF4,Curated,High-ranking informative gene,0.6181919764249747
IFI6,Curated,High-ranking informative gene,2.1496553840172905
S100A7,Curated,High-ranking informative gene,0.7805085332576543
ACSM2B,Curated,High-ranking informative gene,0.6086817050483291
SPINK1,Curated,High-ranking informative gene,0.6569697119358207
ORM1,Curated,High-ranking informative gene,0.6639569013108121
PLAC8,Curated,High-ranking informative gene,0.967266921458758
SNORC,Curated,High-ranking informative gene,0.6533224043255241
ID1,Curated,High-ranking informative gene,0.9104819815070558
INHBA,Curated,High-ranking informative gene,0.7754036020191764
GJB6,Curated,High-ranking informative gene,0.6287784487768872
LGALS1,Curated,High-ranking informative gene,3.007479849387258
ACTG2,Curated,High-ranking informative gene,0.7284800421034892
F13A1,Curated,High-ranking informative gene,0.8023432399927204
MEOX1,Curated,High-ranking informative gene,0.7150197702126732
SNCG,Curated,High-ranking informative gene,0.7775150619276052
FRZB,Curated,High-ranking informative gene,0.933117199486399
CASP14,Curated,High-ranking informative gene,0.632260621551332
APOA1,Curated,High-ranking informative gene,0.7231737471104387
IGLV3-1,Curated,High-ranking informative gene,1.8888879440986284
APCS,Curated,High-ranking informative gene,0.6680750345138929
CLDN10,Curated,High-ranking informative gene,0.6215064436293293
PYDC1,Curated,High-ranking informative gene,0.6275092740561022
GC,Curated,High-ranking informative gene,0.6040098213644903
TFF2,Curated,High-ranking informative gene,0.6590988254751734
BEX1,Curated,High-ranking informative gene,0.7559425830754429
FGB,Curated,High-ranking informative gene,0.6408864510379553
FGA,Curated,High-ranking informative gene,0.6356926301719245
DEPP1,Curated,High-ranking informative gene,0.8324022232067501
CCN1,Curated,High-ranking informative gene,0.602115556233957
EGFL7,Curated,High-ranking informative gene,0.8871567961081586
DHRS2,Curated,High-ranking informative gene,0.7654860391291065
EDN1,Curated,High-ranking informative gene,0.6782271510885046
IL1RN,Curated,Cytokine,1.9694936338321751
MSLN,Curated,High-ranking informative gene,0.6343211952193659
GSTA1,Curated,High-ranking informative gene,0.6594941502933696
ORM2,Curated,High-ranking informative gene,0.6389298124564363
HPGD,Curated,High-ranking informative gene,0.8051826029236436
LINC02532,Curated,High-ranking informative gene,0.618744342841236
GPX3,Curated,High-ranking informative gene,1.20645561488281
SDS,Curated,High-ranking informative gene,0.6930795533441287
LBP,Curated,High-ranking informative gene,0.6203905400637515
IGLV6-57,Curated,High-ranking informative gene,1.1393460462603298
S100A6,Curated,High-ranking informative gene,3.81520212784284
ENPP3,Curated,High-ranking informative gene,0.6042090749267267
UBD,Curated,High-ranking informative gene,0.978679807638006
SAA2,Curated,High-ranking informative gene,0.7345246400162122
PDK4,Curated,High-ranking informative gene,0.9534694605242522
CCL20,Curated,Chemokine,2.0153656394261947
CXCL1,Curated,Chemokine,1.9760406716300751
GPX2,Curated,High-ranking informative gene,0.6252165332539893
CAMK2B,Curated,High-ranking informative gene,0.6214466973195916
ESM1,Curated,High-ranking informative gene,0.6872593694696126
FCN3,Curated,High-ranking informative gene,0.6001082118166511
FGFBP2,Curated,High-ranking informative gene,0.7503892716240852
ARHGDIB,Curated,High-ranking informative gene,3.0520824938540474
CD37,Curated,High-ranking informative gene,2.285886079828417
FXYD3,Curated,High-ranking informative gene,1.031608252225685
RAC2,Curated,High-ranking informative gene,2.2790517312713297
HCST,Curated,High-ranking informative gene,2.0668140763461995
IL2RG,Curated,Cytokine,3.300529515288803
HLA-E,Curated,High-ranking informative gene,3.612756797311453
S100A13,Curated,High-ranking informative gene,1.5361194910398923
SPINT2,Curated,High-ranking informative gene,1.420661268075777
CYTIP,Curated,High-ranking informative gene,1.96007722870218
LCP1,Curated,High-ranking informative gene,2.198084267770684
LIMD2,Curated,High-ranking informative gene,2.1779715148622127
TNFAIP3,Curated,Cytokine,3.272092826768836
CYBA,Curated,High-ranking informative gene,2.9417455814261446
PCOLCE,Curated,High-ranking informative gene,1.0802324762661772
FYB1,Curated,High-ranking informative gene,1.4858970959138396
FXYD5,Curated,High-ranking informative gene,3.059725223256286
MGST1,Curated,High-ranking informative gene,1.068266685664995
CLDN4,Curated,High-ranking informative gene,0.8653028142916133
CXCL13,Curated,Immune other marker,3.317040147747188
ALOX5AP,Curated,High-ranking informative gene,1.686739119308148
DSTN,Curated,High-ranking informative gene,2.296732699179863
SH3BGRL3,Curated,High-ranking informative gene,3.773050847755991
VIM,Curated,EMT Epithelial,4.7705115738299
MXRA8,Curated,High-ranking informative gene,0.8810622556202762
ELOB,Curated,High-ranking informative gene,2.4722367665245044
PPDPF,Curated,High-ranking informative gene,3.660552138505868
DSP,Curated,High-ranking informative gene,0.902202609720853
MIF,Curated,High-ranking informative gene,3.6722897766751537
NUPR1,Curated,High-ranking informative gene,1.4921363252574338
SMIM22,Curated,High-ranking informative gene,0.8060293513867857
ITGB2,Curated,High-ranking informative gene,1.7834776056460064
ELF3,Curated,High-ranking informative gene,0.8333229223126865
IFITM2,Curated,High-ranking informative gene,3.046211698365452
ATP5MG,Curated,High-ranking informative gene,2.623500861796132
SELENOW,Curated,High-ranking informative gene,2.124845409089512
TPM1,Curated,High-ranking informative gene,1.593117044899627
ATP5MC3,Curated,High-ranking informative gene,2.2194676587221904
BIRC3,Curated,High-ranking informative gene,1.6643635189186394
ATP5MC2,Curated,High-ranking informative gene,2.807464015224777
FBLN1,Curated,High-ranking informative gene,0.9340795999469932
CD9,Curated,High-ranking informative gene,1.4898322750249997
FOXP3,Curated,Treg marker,1.8005772298615157
TRBV5-1,Curated,High-ranking informative gene,0.6960272867843564
EREG,Curated,High-ranking informative gene,0.5969690117478919
TRBV7-2,Curated,High-ranking informative gene,0.8941845070729709
HBB,Curated,High-ranking informative gene,1.0189612101559942
EVL,Curated,High-ranking informative gene,2.1898707192300817
TRBV7-9,Curated,High-ranking informative gene,0.8312918493973569
COX6C,Curated,High-ranking informative gene,3.299310514241313
COTL1,Curated,High-ranking informative gene,2.3472436759807227
SARAF,Curated,High-ranking informative gene,3.380615385100448
TPSAB1,Curated,High-ranking informative gene,0.5827049836713996
CLDN3,Curated,High-ranking informative gene,0.8082443476245921
HSP90AB1,Curated,Stress Senescence,4.332709485307991
GPX1,Curated,High-ranking informative gene,1.260752292463535
IGHV3-23,Curated,High-ranking informative gene,1.1811167728098992
KLRC1,Curated,High-ranking informative gene,0.7578216539992956
MT2A,Curated,High-ranking informative gene,3.10346819843547
TRBV6-5,Curated,High-ranking informative gene,0.9107700533744524
SAT1,Curated,High-ranking informative gene,3.0392330062537147
S100A11,Curated,High-ranking informative gene,3.5157731448625458
XCL2,Curated,High-ranking informative gene,0.8217156481447919
TRBV3-1,Curated,High-ranking informative gene,0.9099707854511352
TRDC,Curated,High-ranking informative gene,0.7375935052988779
TRBV9,Curated,High-ranking informative gene,0.7920611059348882
TRBV4-1,Curated,High-ranking informative gene,0.9928036490667644
TRBV4-2,Curated,High-ranking informative gene,0.8089469349764195
LINC02446,Curated,High-ranking informative gene,0.7155305607967288
TRBV2,Curated,High-ranking informative gene,0.7259370894574066
SPDEF,Curated,High-ranking informative gene,0.7301109111975863
NPC2,Curated,High-ranking informative gene,2.1638969411495843
TRBV7-6,Curated,High-ranking informative gene,0.7051550342369305
PCED1B-AS1,Curated,High-ranking informative gene,0.6933632865206728
CSTB,Curated,High-ranking informative gene,2.8778104068807697
ALDOA,Curated,High-ranking informative gene,3.337285082985493
HLA-DMA,Curated,High-ranking informative gene,1.5741635683175423
IGLV3-25,Curated,High-ranking informative gene,1.6707584758562892
TRAV12-2,Curated,High-ranking informative gene,0.780938879470354
GNG11,Curated,High-ranking informative gene,0.9152125814857216
PRDX1,Curated,High-ranking informative gene,2.934912879375491
TRBV6-1,Curated,High-ranking informative gene,0.7977500333217193
IGLV1-51,Curated,High-ranking informative gene,1.7848733884111192
TRAV38-2DV8,Curated,High-ranking informative gene,0.8319133013878509
TRAV13-1,Curated,High-ranking informative gene,0.821606162864591
GPX4,Curated,High-ranking informative gene,3.043599171719909
NFKBIA,Curated,High-ranking informative gene,2.512992294713168
TRBV5-6,Curated,High-ranking informative gene,0.7657447884553491
MT1H,Curated,High-ranking informative gene,0.6194656875009328
PDZK1IP1,Curated,High-ranking informative gene,0.7216337898526723
CCL8,Curated,Chemokine,1.8267076523216192
FBLN2,Curated,High-ranking informative gene,0.8324568321799743
IGLV2-14,Curated,High-ranking informative gene,1.8575419866696845
TRAV21,Curated,High-ranking informative gene,0.8927229832209693
TRAV29DV5,Curated,High-ranking informative gene,0.7404689132693882
SELENOM,Curated,High-ranking informative gene,1.6067137058486924
TRAV3,Curated,High-ranking informative gene,0.6999087855399654
TNFRSF13B,Curated,TNFR superfamily,1.945327397389032
TRAV9-2,Curated,High-ranking informative gene,0.7822148635330919
ANXA2,Curated,High-ranking informative gene,2.767792731763093
ANXA1,Curated,High-ranking informative gene,2.275631478065778
PI16,Curated,High-ranking informative gene,0.5737183903012879
TRAV14DV4,Curated,High-ranking informative gene,0.7057112151200791
GSTP1,Curated,High-ranking informative gene,2.7743069807009784
GAS5,Curated,High-ranking informative gene,1.0202194407941254
TRAV17,Curated,High-ranking informative gene,0.7092682326971913
ANKRD30A,Curated,High-ranking informative gene,0.7179926482691369
TRAV12-3,Curated,High-ranking informative gene,0.767410592555789
S100A12,Curated,High-ranking informative gene,0.6953183826793331
CXCL10,Curated,Chemokine,2.172067097222381
TRAV19,Curated,High-ranking informative gene,0.7455076634607873
TPI1,Curated,High-ranking informative gene,3.2630426572343563
ENO1,Curated,High-ranking informative gene,3.057364776078252
IGLV1-40,Curated,High-ranking informative gene,1.7987789606202984
SLC17A3,Curated,High-ranking informative gene,0.5394278289660597
PKM,Curated,High-ranking informative gene,2.9562899789979182
IGLV2-23,Curated,High-ranking informative gene,1.6761380873178058
EMCN,Curated,Hypoxia Angiogenesis,1.4722160010312302
TRAV8-4,Curated,High-ranking informative gene,0.7341838761266879
FCER2,Curated,High-ranking informative gene,0.8369542220565536
PLD4,Curated,Immune other marker,1.7776054367472742
CRP,Curated,High-ranking informative gene,0.58026094358848
LGALS3,Curated,High-ranking informative gene,2.392441141478483
DERL3,Curated,High-ranking informative gene,0.7136205775498804
FCRL3,Curated,High-ranking informative gene,0.8276483442226229
HSPE1,Curated,Stress Senescence,3.3965999582383093
TRAV1-2,Curated,High-ranking informative gene,0.752343629001423
IGLV2-8,Curated,High-ranking informative gene,1.4312102459015117
PSAP,Curated,High-ranking informative gene,2.756165018708555
IGHV3-30,Curated,High-ranking informative gene,1.075474148751026
SLC5A12,Curated,High-ranking informative gene,0.5466925379547796
DDIT4,Curated,High-ranking informative gene,2.369250088220528
CXCR5,Curated,Tfh marker,1.9474777181467249
CXCR6,Curated,Chemokine receptor,2.3614606765752573
KLRD1,Curated,NK cytotoxic marker,2.080901567123555
KDR,Curated,RTK,1.5346159374325403
CCL17,Curated,Chemokine,1.7956770093555914
KLRG1,Curated,Immune other marker,1.930532018940225
UBE2C,Curated,Cell cycle,1.5769308029621545
CX3CR1,Curated,Chemokine receptor,2.0046159927660137
CDC20,Curated,Cell cycle,1.491652983116608
CA9,Curated,High-ranking informative gene,0.5657024821409119
CCL21,Curated,Chemokine,1.891671747905972
CXCL6,Curated,High-ranking informative gene,0.5402419134908303
IFNG,Curated,NK cytotoxic marker,2.9991344104745457
CXCL11,Curated,Chemokine,1.7431854753800744
HSPA8,Curated,Stress Senescence,4.287303659459199
CD40LG,Curated,High-ranking informative gene,0.7135025971955883
KLRK1,Curated,High-ranking informative gene,0.6443023873483116
CCR2,Curated,Chemokine receptor,1.815952756238459
IL17A,Curated,Cytokine,1.740418593452195
IL17F,Curated,Cytokine,1.7126502620441957
CCL7,Curated,Chemokine,1.803482838058208
CXCL5,Curated,High-ranking informative gene,0.43147995750905
IL1A,Curated,Cytokine,1.6529779014223074
CSF2,Curated,High-ranking informative gene,0.4210241480708349
CSF3,Curated,High-ranking informative gene,0.3744998991452605
DKK1,Curated,WNT,1.452599874903424
CCL1,Curated,High-ranking informative gene,0.3919694636843016
CCL11,Curated,High-ranking informative gene,0.5071412318492167
CCL24,Curated,High-ranking informative gene,0.4198023182725621
CXCR1,Curated,High-ranking informative gene,0.4503353521921744
ROS1,Curated,RTK,1.2678080050765137
IL6,Curated,Cytokine,1.7063804228695316
IL2,Curated,Cytokine,1.6046188728897297
IL21,Curated,Cytokine,1.673375315706918
MARCO,Curated,Mono Macrophage marker,1.5622390094986267
CLEC9A,Curated,Dendritic cell marker,1.40840590425652
CCL13,Curated,High-ranking informative gene,0.248338582958
CCR9,Curated,High-ranking informative gene,0.3620195429028094
CCL25,Curated,High-ranking informative gene,0.3172424195832299
IL4,Curated,Cytokine,1.4868337261278273
TNFSF18,Curated,TNF ligand,1.5192421566626444
MT-RNR1,Curated,,
IGLC3,Curated,,
MT-RNR2,Curated,,
CD1C,Curated,,
SIGLEC10,Curated,Checkpoint Exhaustion,1.2363870937099093
HLA-DQB1,Curated,Immune other marker,1.9232688124376365
RORC,Curated,Th17 marker,1.0990107499643638
CD3G,Curated,T cell receptor complex marker,1.0990107499643638
CD38,Curated,Immune other marker,1.0990107499643638
TOX,Curated,Immune other marker,2.1980214999287275
HLA-DRB1,Curated,Antigen presentation II marker,3.0222795624020007
CCR4,Curated,Th2 marker,1.0990107499643638
NRP1,Curated,High-ranking informative gene,0.0
IKZF2,Curated,Treg marker,1.0990107499643638
IL2RA,Curated,Treg marker,1.0990107499643638
MERTK,Curated,RTK,0.961634406218818
PRDM1,Curated,Plasma cell marker,1.0990107499643638
HAVCR2,Curated,Immune other marker,2.1980214999287275
CD4,Curated,Immune other marker,1.0990107499643638
TBX21,Curated,Th1 marker,1.0990107499643638
BCL6,Curated,Tfh marker,1.0990107499643638
HLA-DPB1,Curated,Antigen presentation II marker,1.9232688124376365
HLA-DRA,Curated,Antigen presentation II marker,3.0222795624020007
PDCD1,Curated,Immune other marker,2.1980214999287275
CCR5,Curated,Chemokine receptor,1.2363870937099093
PTPRC,Curated,Pan leukocyte marker,1.0990107499643638
SIGLEC1,Curated,High-ranking informative gene,0.0
SIRPB1,Curated,High-ranking informative gene,0.0
GATA3,Curated,Th2 marker,1.0990107499643638
LILRB2,Curated,High-ranking informative gene,0.0
ITGAX,Curated,Dendritic cell marker,1.0990107499643638
IRF4,Curated,Plasma cell marker,1.0990107499643638
FCGR3B,Curated,Neutrophil MDSC marker,1.0990107499643638
CD79B,Curated,B cell marker,1.0990107499643638
XBP1,Curated,Plasma cell marker,1.0990107499643638
ITGAL,Curated,High-ranking informative gene,0.0
LILRB1,Curated,High-ranking informative gene,0.0
SIRPA,Curated,High-ranking informative gene,0.0
CCR8,Curated,Chemokine receptor,1.2363870937099093
TCF7,Curated,Immune other marker,1.0990107499643638
BATF,Curated,Immune other marker,2.1980214999287275
HLA-B,Curated,Antigen presentation I marker,3.0222795624020007
PDPN,Curated,ECM Fibroblast,0.8242580624732727
ITGAM,Curated,Mono Macrophage marker,1.0990107499643638
ENG,Curated,Vasculature,0.8242580624732727
LAMP3,Curated,Dendritic cell marker,1.0990107499643638
HLA-DPA1,Curated,Antigen presentation II marker,1.9232688124376365
MPO,Curated,Neutrophil MDSC marker,1.0990107499643638
HLA-C,Curated,Antigen presentation I marker,3.0222795624020007
CCR10,Curated,Immune other marker,1.0990107499643638
CD28,Curated,High-ranking informative gene,0.0
ICOS,Curated,Tfh marker,1.0990107499643638
HLA-DQA1,Curated,Immune other marker,1.9232688124376365
HLA-A,Curated,Antigen presentation I marker,3.0222795624020007
SDC1,Curated,Plasma cell marker,1.0990107499643638
LILRA4,Curated,High-ranking informative gene,0.0
MCAM,Curated,Vasculature,0.8242580624732727
LEF1,Curated,Immune other marker,1.0990107499643638
CTLA4,Curated,Immune other marker,2.1980214999287275
MRC1,Curated,Mono Macrophage marker,1.0990107499643638
CCR6,Curated,Th17 marker,1.0990107499643638
CCL14,Curated,High-ranking informative gene,0.0
IL33,Curated,Cytokine,1.2363870937099093
PDCD1LG2,Curated,Checkpoint Exhaustion,1.2363870937099093
CXCL4,Curated,High-ranking informative gene,0.0
CCL12,Curated,High-ranking informative gene,0.0
CXCL7,Curated,High-ranking informative gene,0.0
TNFRSF7,Curated,TNFR superfamily,1.2363870937099093
IL12,Curated,Cytokine,1.2363870937099093
TNFSF3,Curated,TNF ligand,1.2363870937099093
TNFRSF19,Curated,TNFR superfamily,1.2363870937099093
TNFSF12,Curated,TNF ligand,1.2363870937099093
TNFSF7,Curated,TNF ligand,1.2363870937099093
LIF,Curated,High-ranking informative gene,0.0
TNFRSF8,Curated,TNFR superfamily,1.2363870937099093
TNFSF6,Curated,TNF ligand,1.2363870937099093
CCL4,Curated,Chemokine,1.2363870937099093
TNFSF13,Curated,TNF ligand,1.2363870937099093
CSF1,Curated,High-ranking informative gene,0.0
TNFRSF23,Curated,TNFR superfamily,1.2363870937099093
TNFSF15,Curated,TNF ligand,1.2363870937099093
CCR3,Curated,High-ranking informative gene,0.0
TNFRSF16,Curated,TNFR superfamily,1.2363870937099093
TNFSF10,Curated,TNF ligand,1.2363870937099093
TNFRSF20,Curated,TNFR superfamily,1.2363870937099093
IL8,Curated,Cytokine,1.2363870937099093
TNFSF8,Curated,TNF ligand,1.2363870937099093
TNFRSF5,Curated,TNFR superfamily,1.2363870937099093
TNFRSF14,Curated,TNFR superfamily,1.2363870937099093
TNFRSF25,Curated,TNFR superfamily,1.2363870937099093
CX3CL1,Curated,High-ranking informative gene,0.0
TNFRSF1,Curated,TNFR superfamily,1.2363870937099093
CD40,Curated,TNFR superfamily,1.2363870937099093
TNFRSF6,Curated,TNFR superfamily,1.2363870937099093
TNFSF16,Curated,TNF ligand,1.2363870937099093
TNFRSF24,Curated,TNFR superfamily,1.2363870937099093
CCL23,Curated,High-ranking informative gene,0.0
IL24,Curated,Cytokine,1.2363870937099093
CD274,Curated,Checkpoint Exhaustion,1.2363870937099093
IL27,Curated,Cytokine,1.2363870937099093
CCL10,Curated,High-ranking informative gene,0.0
CXCR2,Curated,High-ranking informative gene,0.0
CCL6,Curated,High-ranking informative gene,0.0
CCL15,Curated,High-ranking informative gene,0.0
IL1,Curated,Cytokine,1.2363870937099093
IL11,Curated,Cytokine,1.2363870937099093
CCL26,Curated,High-ranking informative gene,0.0
IL34,Curated,Cytokine,1.2363870937099093
CCL3,Curated,Chemokine,1.2363870937099093
TNFRSF21,Curated,TNFR superfamily,1.2363870937099093
TNFSF2,Curated,TNF ligand,1.2363870937099093
IL3,Curated,Cytokine,1.2363870937099093
TNFRSF22,Curated,TNFR superfamily,1.2363870937099093
IL25,Curated,Cytokine,1.2363870937099093
CCL27,Curated,High-ranking informative gene,0.0
IL23A,Curated,Cytokine,1.2363870937099093
CCL16,Curated,High-ranking informative gene,0.0
TNFRSF12,Curated,TNFR superfamily,1.2363870937099093
IL23,Curated,Cytokine,1.2363870937099093
TNFSF4,Curated,TNF ligand,1.2363870937099093
IL7,Curated,Cytokine,1.2363870937099093
ADORA2A,Curated,Checkpoint Exhaustion,1.2363870937099093
IL28,Curated,Cytokine,1.2363870937099093
IL30,Curated,Cytokine,1.2363870937099093
VSIR,Curated,Checkpoint Exhaustion,1.2363870937099093
IL10,Curated,Cytokine,1.2363870937099093
IL16,Curated,Cytokine,1.2363870937099093
IL36,Curated,Cytokine,1.2363870937099093
TNF,Curated,Cytokine,1.2363870937099093
TNFSF14,Curated,TNF ligand,1.2363870937099093
CCL18,Curated,Chemokine,1.2363870937099093
TNFRSF10,Curated,TNFR superfamily,1.2363870937099093
TNFRSF2,Curated,TNFR superfamily,1.2363870937099093
IL18,Curated,Cytokine,1.2363870937099093
IL12A,Curated,Cytokine,1.2363870937099093
IL20,Curated,Cytokine,1.2363870937099093
IL12B,Curated,Cytokine,1.2363870937099093
CCL28,Curated,High-ranking informative gene,0.0
TNFRSF3,Curated,TNFR superfamily,1.2363870937099093
TNFSF19,Curated,TNF ligand,1.2363870937099093
TNFRSF9,Curated,TNFR superfamily,1.2363870937099093
IL15,Curated,Cytokine,1.2363870937099093
TNFSF5,Curated,TNF ligand,1.2363870937099093
CXCL15,Curated,High-ranking informative gene,0.0
IL31,Curated,Cytokine,1.2363870937099093
IL14,Curated,Cytokine,1.2363870937099093
IL29,Curated,Cytokine,1.2363870937099093
TNFRSF13,Curated,TNFR superfamily,1.2363870937099093
TNFSF11,Curated,TNF ligand,1.2363870937099093
TNFSF17,Curated,TNF ligand,1.2363870937099093
CCR1,Curated,High-ranking informative gene,0.0
CCL22,Curated,High-ranking informative gene,0.0
TNFSF9,Curated,TNF ligand,1.2363870937099093
IL26,Curated,Cytokine,1.2363870937099093
IL17,Curated,Cytokine,1.2363870937099093
TNFRSF11,Curated,TNFR superfamily,1.2363870937099093
IL5,Curated,Cytokine,1.2363870937099093
CCL5,Curated,Chemokine,1.2363870937099093
CXCL16,Curated,Chemokine,1.2363870937099093
LAIR1,Curated,Checkpoint Exhaustion,1.2363870937099093
IL35,Curated,Cytokine,1.2363870937099093
TNFSF1,Curated,TNF ligand,1.2363870937099093
TGFB1,Curated,Cytokine,1.2363870937099093
CCL9,Curated,High-ranking informative gene,0.0
TNFRSF15,Curated,TNFR superfamily,1.2363870937099093
IL19,Curated,Cytokine,1.2363870937099093
E2F1,Curated,Cell cycle,0.6868817187277272
AKT1S1,Curated,High-ranking informative gene,0.0
NOTCH1,Curated,Notch,0.961634406218818
RET,Curated,RTK,0.961634406218818
RPTOR,Curated,PI3K AKT mTOR,0.961634406218818
DVL2,Curated,WNT,0.961634406218818
DVL3,Curated,WNT,0.961634406218818
GAB1,Curated,High-ranking informative gene,0.0
RAF1,Curated,RAS MAPK,0.961634406218818
WNT2,Curated,WNT,0.961634406218818
MET,Curated,RTK,0.961634406218818
RB1,Curated,High-ranking informative gene,0.0
GLI1,Curated,High-ranking informative gene,0.0
PORCN,Curated,WNT,0.961634406218818
MAPK12,Curated,High-ranking informative gene,0.0
PIK3CD,Curated,PI3K AKT mTOR,0.961634406218818
AKT1,Curated,PI3K AKT mTOR,0.961634406218818
STAT5A,Curated,JAK STAT,0.961634406218818
TYK2,Curated,JAK STAT,0.961634406218818
FZD9,Curated,WNT,0.961634406218818
FZD4,Curated,WNT,0.961634406218818
PDGFRB,Curated,RTK,0.961634406218818
FLT3,Curated,RTK,0.961634406218818
JAG2,Curated,Notch,0.961634406218818
CDKN2A,Curated,High-ranking informative gene,0.0
DLL1,Curated,Notch,0.961634406218818
TCF7L2,Curated,High-ranking informative gene,0.0
HEY2,Curated,High-ranking informative gene,0.0
NTRK2,Curated,RTK,0.961634406218818
EPHB2,Curated,RTK,0.961634406218818
HEY1,Curated,High-ranking informative gene,0.0
GLI3,Curated,High-ranking informative gene,0.0
TGFB2,Curated,TGFb,0.961634406218818
TSC1,Curated,PI3K AKT mTOR,0.961634406218818
WNT7B,Curated,WNT,0.961634406218818
JAK1,Curated,JAK STAT,0.961634406218818
WNT4,Curated,WNT,0.961634406218818
STAT6,Curated,JAK STAT,0.961634406218818
RHEB,Curated,High-ranking informative gene,0.0
TP53,Curated,DNA damage repair,0.6868817187277272
E2F2,Curated,Cell cycle,0.6868817187277272
MAPK10,Curated,High-ranking informative gene,0.0
IGF1R,Curated,RTK,0.961634406218818
SMAD3,Curated,TGFb,0.961634406218818
MAP2K4,Curated,High-ranking informative gene,0.0
NOTCH4,Curated,Notch,0.961634406218818
EIF4EBP1,Curated,High-ranking informative gene,0.0
WNT3,Curated,WNT,0.961634406218818
AKT2,Curated,PI3K AKT mTOR,0.961634406218818
FZD10,Curated,WNT,0.961634406218818
SMO,Curated,High-ranking informative gene,0.0
CCND1,Curated,High-ranking informative gene,0.0
DVL1,Curated,WNT,0.961634406218818
ERBB4,Curated,RTK,0.961634406218818
HES1,Curated,Notch,0.961634406218818
JAK3,Curated,JAK STAT,0.961634406218818
DUSP6,Curated,RAS MAPK,0.961634406218818
PTEN,Curated,PI3K AKT mTOR,0.961634406218818
FGFR4,Curated,RTK,0.961634406218818
STAT2,Curated,JAK STAT,0.961634406218818
SOS1,Curated,High-ranking informative gene,0.0
SMAD2,Curated,TGFb,0.961634406218818
SMAD7,Curated,TGFb,0.961634406218818
WNT5A,Curated,WNT,0.961634406218818
TERT,Curated,High-ranking informative gene,0.0
WNT5B,Curated,WNT,0.961634406218818
PTPN11,Curated,High-ranking informative gene,0.0
JAG1,Curated,Notch,0.961634406218818
SOCS3,Curated,JAK STAT,0.961634406218818
NOTCH3,Curated,Notch,0.961634406218818
NTRK1,Curated,RTK,0.961634406218818
FZD8,Curated,WNT,0.961634406218818
NOTCH2,Curated,Notch,0.961634406218818
E2F3,Curated,Cell cycle,0.6868817187277272
NRAS,Curated,RAS MAPK,0.961634406218818
EGFR,Curated,RTK,0.961634406218818
CCNE1,Curated,High-ranking informative gene,0.0
MAPK11,Curated,High-ranking informative gene,0.0
CTNNB1,Curated,WNT,0.961634406218818
PTCH1,Curated,High-ranking informative gene,0.0
APC,Curated,WNT,0.961634406218818
SOCS1,Curated,JAK STAT,0.961634406218818
EIF4E,Curated,High-ranking informative gene,0.0
ERBB2,Curated,RTK,0.961634406218818
PDPK1,Curated,High-ranking informative gene,0.0
PDGFRA,Curated,RTK,0.961634406218818
MAP2K2,Curated,RAS MAPK,0.961634406218818
CCND3,Curated,High-ranking informative gene,0.0
FZD3,Curated,WNT,0.961634406218818
MAP2K6,Curated,High-ranking informative gene,0.0
RICTOR,Curated,PI3K AKT mTOR,0.961634406218818
AXIN1,Curated,WNT,0.961634406218818
STAT3,Curated,JAK STAT,0.961634406218818
MAPK13,Curated,High-ranking informative gene,0.0
FLT4,Curated,RTK,0.961634406218818
BRAF,Curated,RAS MAPK,0.961634406218818
MAPK8,Curated,High-ranking informative gene,0.0
MDM2,Curated,DNA damage repair,0.6868817187277272
AKT3,Curated,PI3K AKT mTOR,0.961634406218818
FZD5,Curated,WNT,0.961634406218818
MAPK1,Curated,RAS MAPK,0.961634406218818
FZD1,Curated,WNT,0.961634406218818
FOXO1,Curated,High-ranking informative gene,0.0
FRAT1,Curated,High-ranking informative gene,0.0
TGFBR1,Curated,TGFb,0.961634406218818
APC2,Curated,High-ranking informative gene,0.0
FZD2,Curated,WNT,0.961634406218818
FOXO3,Curated,High-ranking informative gene,0.0
IRS2,Curated,High-ranking informative gene,0.0
LRP5,Curated,WNT,0.961634406218818
MAP2K7,Curated,High-ranking informative gene,0.0
SMAD4,Curated,TGFb,0.961634406218818
PIK3R1,Curated,High-ranking informative gene,0.0
CCND2,Curated,High-ranking informative gene,0.0
GSK3B,Curated,High-ranking informative gene,0.0
JAK2,Curated,JAK STAT,0.961634406218818
STAT4,Curated,JAK STAT,0.961634406218818
KRAS,Curated,RAS MAPK,0.961634406218818
AXIN2,Curated,WNT,0.961634406218818
CCNE2,Curated,High-ranking informative gene,0.0
STAT5B,Curated,JAK STAT,0.961634406218818
FOXO4,Curated,High-ranking informative gene,0.0
SOS2,Curated,High-ranking informative gene,0.0
AXL,Curated,RTK,0.961634406218818
FLT1,Curated,RTK,0.961634406218818
MYCN,Curated,High-ranking informative gene,0.0
TGFBR2,Curated,TGFb,0.961634406218818
SOX2,Curated,High-ranking informative gene,0.0
EPHA2,Curated,RTK,0.961634406218818
SPRY2,Curated,RAS MAPK,0.961634406218818
FGFR3,Curated,RTK,0.961634406218818
STAT1,Curated,JAK STAT,0.961634406218818
PIK3R2,Curated,High-ranking informative gene,0.0
DLL3,Curated,Notch,0.961634406218818
TGFB3,Curated,TGFb,0.961634406218818
ERBB3,Curated,RTK,0.961634406218818
FGFR2,Curated,RTK,0.961634406218818
PIK3CA,Curated,PI3K AKT mTOR,0.961634406218818
MYC,Curated,High-ranking informative gene,0.0
MAPK14,Curated,High-ranking informative gene,0.0
HRAS,Curated,RAS MAPK,0.961634406218818
GLI2,Curated,High-ranking informative gene,0.0
FGFR1,Curated,RTK,0.961634406218818
LRP6,Curated,WNT,0.961634406218818
FZD7,Curated,WNT,0.961634406218818
NTRK3,Curated,RTK,0.961634406218818
PIK3CB,Curated,PI3K AKT mTOR,0.961634406218818
DLL4,Curated,Notch,0.961634406218818
KIT,Curated,RTK,0.961634406218818
RASA1,Curated,High-ranking informative gene,0.0
PIK3CG,Curated,PI3K AKT mTOR,0.961634406218818
SHC1,Curated,High-ranking informative gene,0.0
PIK3R3,Curated,High-ranking informative gene,0.0
MTOR,Curated,PI3K AKT mTOR,0.961634406218818
TSC2,Curated,PI3K AKT mTOR,0.961634406218818
GRB2,Curated,High-ranking informative gene,0.0
MAPK3,Curated,RAS MAPK,0.961634406218818
FZD6,Curated,WNT,0.961634406218818
MAPK9,Curated,High-ranking informative gene,0.0
MAP2K3,Curated,High-ranking informative gene,0.0
IRS1,Curated,High-ranking informative gene,0.0
EPHA4,Curated,RTK,0.961634406218818
MAP2K1,Curated,RAS MAPK,0.961634406218818
RAD52,Curated,High-ranking informative gene,0.0
HSP90B1,Curated,Stress Senescence,0.6868817187277272
CDK4,Curated,Cell cycle,0.6868817187277272
ATF3,Curated,Stress Senescence,0.6868817187277272
CCNB1,Curated,Cell cycle,0.6868817187277272
MKI67,Curated,Cell cycle,0.6868817187277272
XRCC5,Curated,High-ranking informative gene,0.0
MCM5,Curated,Cell cycle,0.6868817187277272
LIG1,Curated,High-ranking informative gene,0.0
HSPA1B,Curated,Stress Senescence,0.6868817187277272
ORC5,Curated,High-ranking informative gene,0.0
XRCC4,Curated,High-ranking informative gene,0.0
CHEK1,Curated,DNA damage repair,0.6868817187277272
MDC1,Curated,High-ranking informative gene,0.0
RAD1,Curated,High-ranking informative gene,0.0
AURKB,Curated,Cell cycle,0.6868817187277272
PPP1R15A,Curated,High-ranking informative gene,0.0
MCM2,Curated,Cell cycle,0.6868817187277272
RAD51,Curated,DNA damage repair,0.6868817187277272
PRKDC,Curated,High-ranking informative gene,0.0
MRE11A,Curated,DNA damage repair,0.6868817187277272
PARP2,Curated,DNA damage repair,0.6868817187277272
CHEK2,Curated,DNA damage repair,0.6868817187277272
NFE2L2,Curated,Stress Senescence,0.6868817187277272
HSPB8,Curated,Stress Senescence,0.6868817187277272
BRIP1,Curated,High-ranking informative gene,0.0
CCNA1,Curated,High-ranking informative gene,0.0
HSPH1,Curated,Stress Senescence,0.6868817187277272
PMS2,Curated,High-ranking informative gene,0.0
TOP2A,Curated,Cell cycle,0.6868817187277272
CCNA2,Curated,Cell cycle,0.6868817187277272
DDIT3,Curated,Stress Senescence,0.6868817187277272
CDT1,Curated,High-ranking informative gene,0.0
ATF6,Curated,High-ranking informative gene,0.0
XRCC2,Curated,High-ranking informative gene,0.0
CDK1,Curated,Cell cycle,0.6868817187277272
RAD54L,Curated,High-ranking informative gene,0.0
LIG4,Curated,High-ranking informative gene,0.0
PPP1R15B,Curated,High-ranking informative gene,0.0
POLK,Curated,High-ranking informative gene,0.0
CDC6,Curated,High-ranking informative gene,0.0
XRCC3,Curated,High-ranking informative gene,0.0
ATM,Curated,DNA damage repair,0.6868817187277272
ORC6,Curated,High-ranking informative gene,0.0
ORC3,Curated,High-ranking informative gene,0.0
AURKA,Curated,Cell cycle,0.6868817187277272
RPA2,Curated,High-ranking informative gene,0.0
POLH,Curated,High-ranking informative gene,0.0
BRCA1,Curated,DNA damage repair,0.6868817187277272
MLH1,Curated,High-ranking informative gene,0.0
LIG3,Curated,High-ranking informative gene,0.0
ATF4,Curated,Stress Senescence,0.6868817187277272
MSH2,Curated,High-ranking informative gene,0.0
HUS1,Curated,High-ranking informative gene,0.0
XRCC1,Curated,High-ranking informative gene,0.0
CDK6,Curated,Cell cycle,0.6868817187277272
BUB1B,Curated,Cell cycle,0.6868817187277272
ATR,Curated,DNA damage repair,0.6868817187277272
FOSB,Curated,Stress Senescence,0.6868817187277272
RAD50,Curated,DNA damage repair,0.6868817187277272
FANCD2,Curated,DNA damage repair,0.6868817187277272
RPA1,Curated,High-ranking informative gene,0.0
MCM7,Curated,Cell cycle,0.6868817187277272
PCNA,Curated,Cell cycle,0.6868817187277272
H2AFX,Curated,DNA damage repair,0.6868817187277272
CCNB2,Curated,Cell cycle,0.6868817187277272
HIF1A,Curated,Stress Senescence,0.6868817187277272
RAD17,Curated,High-ranking informative gene,0.0
ORC4,Curated,High-ranking informative gene,0.0
MSH6,Curated,High-ranking informative gene,0.0
CDKN1A,Curated,DNA damage repair,0.6868817187277272
HSF1,Curated,High-ranking informative gene,0.0
CDK2,Curated,Cell cycle,0.6868817187277272
BUB1,Curated,Cell cycle,0.6868817187277272
ORC2,Curated,High-ranking informative gene,0.0
PARP1,Curated,DNA damage repair,0.6868817187277272
ORC1,Curated,High-ranking informative gene,0.0
EXO1,Curated,High-ranking informative gene,0.0
PLK1,Curated,Cell cycle,0.6868817187277272
POLQ,Curated,High-ranking informative gene,0.0
MCM6,Curated,Cell cycle,0.6868817187277272
MCM4,Curated,Cell cycle,0.6868817187277272
BRCA2,Curated,DNA damage repair,0.6868817187277272
CDC7,Curated,High-ranking informative gene,0.0
HSPB2,Curated,Stress Senescence,0.6868817187277272
MCM3,Curated,Cell cycle,0.6868817187277272
ITGA3,Curated,High-ranking informative gene,0.0
EGLN2,Curated,High-ranking informative gene,0.0
ITGB3,Curated,High-ranking informative gene,0.0
LDHA,Curated,High-ranking informative gene,0.0
MUC1,Curated,EMT Epithelial,0.8242580624732727
VEGFB,Curated,Hypoxia Angiogenesis,0.8242580624732727
ZEB2,Curated,EMT Epithelial,0.8242580624732727
LAMC1,Curated,ECM Fibroblast,0.8242580624732727
LAMA4,Curated,ECM Fibroblast,0.8242580624732727
EGLN1,Curated,Hypoxia Angiogenesis,0.8242580624732727
TIMP2,Curated,ECM Fibroblast,0.8242580624732727
VEGFC,Curated,Hypoxia Angiogenesis,0.8242580624732727
PGF,Curated,Hypoxia Angiogenesis,0.8242580624732727
MMP14,Curated,ECM Fibroblast,0.8242580624732727
LAMA2,Curated,ECM Fibroblast,0.8242580624732727
P4HA2,Curated,High-ranking informative gene,0.0
ITGA2,Curated,High-ranking informative gene,0.0
TWIST2,Curated,EMT Epithelial,0.8242580624732727
KRT20,Curated,EMT Epithelial,0.8242580624732727
CDH2,Curated,EMT Epithelial,0.8242580624732727
LAMB1,Curated,ECM Fibroblast,0.8242580624732727
LOXL2,Curated,ECM Fibroblast,0.8242580624732727
ITGA5,Curated,EMT Epithelial,0.8242580624732727
ITGB5,Curated,High-ranking informative gene,0.0
ZEB1,Curated,EMT Epithelial,0.8242580624732727
ITGA1,Curated,High-ranking informative gene,0.0
TEK,Curated,Hypoxia Angiogenesis,0.8242580624732727
TWIST1,Curated,EMT Epithelial,0.8242580624732727
VEGFA,Curated,Hypoxia Angiogenesis,0.8242580624732727
EPCAM,Curated,EMT Epithelial,0.8242580624732727
PDGFA,Curated,Hypoxia Angiogenesis,0.8242580624732727
P4HA1,Curated,High-ranking informative gene,0.0
PDK3,Curated,High-ranking informative gene,0.0
PDGFB,Curated,Hypoxia Angiogenesis,0.8242580624732727
ANGPT1,Curated,Hypoxia Angiogenesis,0.8242580624732727
CDH1,Curated,EMT Epithelial,0.8242580624732727
SNAI1,Curated,EMT Epithelial,0.8242580624732727
PDK1,Curated,High-ranking informative gene,0.0
ITGAV,Curated,High-ranking informative gene,0.0
EGLN3,Curated,High-ranking informative gene,0.0
P4HB,Curated,High-ranking informative gene,0.0
ENTPD1,Curated,,
NT5E,Curated,,
ICOSLG,Curated,,
CLEC4C,Curated,,
