gene_symbol,DE_Immune,DE_Malignant,HVG,SpaPROS,scGeneFit,RandomForest,methods_count
CD3E,0,0,0,0,0,0,0
KRT19,0,0,0,0,0,0,0
COL1A1,0,0,0,0,0,0,0
KRT18,0,0,0,0,0,0,0
S100A1,0,0,0,0,0,0,0
COL1A2,0,0,0,0,0,0,0
KRT8,0,0,0,0,0,0,0
CD2,0,0,0,0,0,0,0
SPARC,0,0,0,0,0,0,0
DCN,0,0,0,0,0,0,0
CD24,0,0,0,0,0,0,0
LUM,0,0,0,0,0,0,0
CALD1,0,0,0,0,0,0,0
SFRP2,0,0,0,0,0,0,0
SPOCK2,0,0,0,0,0,0,0
TYROBP,0,0,0,0,0,0,0
CST7,0,0,0,0,0,0,0
CD7,0,0,0,0,0,0,0
CD3D,0,0,0,0,0,0,0
SPARCL1,0,0,0,0,0,0,0
IL7R,0,0,0,0,0,0,0
MS4A1,0,0,0,0,0,0,0
NKG7,0,0,0,0,0,0,0
CD69,0,0,0,0,0,0,0
FCER1G,0,0,0,0,0,0,0
CCDC80,0,0,0,0,0,0,0
AIF1,0,0,0,0,0,0,0
COL5A2,0,0,0,0,0,0,0
TM4SF1,0,0,0,0,0,0,0
BGN,0,0,0,0,0,0,0
CD79A,0,0,0,0,0,0,0
LYZ,0,0,0,0,0,0,0
APOE,0,0,0,0,0,0,0
C1QB,0,0,0,0,0,0,0
MT-RNR1,0,0,0,0,0,0,0
C1QC,0,0,0,0,0,0,0
C1QA,0,0,0,0,0,0,0
THY1,0,0,0,0,0,0,0
PLVAP,0,0,0,0,0,0,0
TPM2,0,0,0,0,0,0,0
GZMA,0,0,0,0,0,0,0
CRYAB,0,0,0,0,0,0,0
IGKC,0,0,0,0,0,0,0
FN1,0,0,0,0,0,0,0
MLANA,0,0,0,0,0,0,0
FABP4,0,0,0,0,0,0,0
VWF,0,0,0,0,0,0,0
GZMK,0,0,0,0,0,0,0
GZMB,0,0,0,0,0,0,0
CD8A,0,0,0,0,0,0,0
IGFBP5,0,0,0,0,0,0,0
JCHAIN,0,0,0,0,0,0,0
AEBP1,0,0,0,0,0,0,0
VCAN,0,0,0,0,0,0,0
CTHRC1,0,0,0,0,0,0,0
MS4A6A,0,0,0,0,0,0,0
APOD,0,0,0,0,0,0,0
COL5A1,0,0,0,0,0,0,0
CXCL12,0,0,0,0,0,0,0
CLDN5,0,0,0,0,0,0,0
TIMP3,0,0,0,0,0,0,0
ASPN,0,0,0,0,0,0,0
DPT,0,0,0,0,0,0,0
ADIRF,0,0,0,0,0,0,0
C1S,0,0,0,0,0,0,0
KRT5,0,0,0,0,0,0,0
SFRP4,0,0,0,0,0,0,0
RAMP2,0,0,0,0,0,0,0
CXCL14,0,0,0,0,0,0,0
MMP11,0,0,0,0,0,0,0
IGLC2,0,0,0,0,0,0,0
ACKR1,0,0,0,0,0,0,0
CLU,0,0,0,0,0,0,0
COL4A1,0,0,0,0,0,0,0
ADGRL4,0,0,0,0,0,0,0
CLEC14A,0,0,0,0,0,0,0
TNFRSF4,0,0,0,0,0,0,0
CXCL8,0,0,0,0,0,0,0
SPP1,0,0,0,0,0,0,0
NDUFA4L2,0,0,0,0,0,0,0
CD36,0,0,0,0,0,0,0
APOC1,0,0,0,0,0,0,0
TYRP1,0,0,0,0,0,0,0
A2M,0,0,0,0,0,0,0
IGLL5,0,0,0,0,0,0,0
FCGR3A,0,0,0,0,0,0,0
TIGIT,0,0,0,0,0,0,0
IGLC3,0,0,0,0,0,0,0
CAVIN2,0,0,0,0,0,0,0
S100A9,0,0,0,0,0,0,0
COL10A1,0,0,0,0,0,0,0
CD68,0,0,0,0,0,0,0
ALB,0,0,0,0,0,0,0
IGF2,0,0,0,0,0,0,0
RGS5,0,0,0,0,0,0,0
IL1B,0,0,0,0,0,0,0
G0S2,0,0,0,0,0,0,0
IGF1,0,0,0,0,0,0,0
S100A8,0,0,0,0,0,0,0
CCL2,0,0,0,0,0,0,0
CILP,0,0,0,0,0,0,0
PTGDS,0,0,0,0,0,0,0
MMP9,0,0,0,0,0,0,0
COMP,0,0,0,0,0,0,0
TTR,0,0,0,0,0,0,0
RAMP3,0,0,0,0,0,0,0
AMBP,0,0,0,0,0,0,0
RBP7,0,0,0,0,0,0,0
IGFBP3,0,0,0,0,0,0,0
RARRES1,0,0,0,0,0,0,0
LINC01320,0,0,0,0,0,0,0
SRGN,0,0,0,0,0,0,0
LAPTM5,0,0,0,0,0,0,0
TMSB4X,0,0,0,0,0,0,0
CD74,0,0,0,0,0,0,0
CORO1A,0,0,0,0,0,0,0
COL6A2,0,0,0,0,0,0,0
S100A4,0,0,0,0,0,0,0
CD52,0,0,0,0,0,0,0
COL6A1,0,0,0,0,0,0,0
CXCR4,0,0,0,0,0,0,0
IL32,0,0,0,0,0,0,0
RACK1,0,0,0,0,0,0,0
IGFBP7,0,0,0,0,0,0,0
AZGP1,0,0,0,0,0,0,0
COL6A3,0,0,0,0,0,0,0
KRT7,0,0,0,0,0,0,0
IGFBP4,0,0,0,0,0,0,0
CST3,0,0,0,0,0,0,0
MT-RNR2,0,0,0,0,0,0,0
S100A14,0,0,0,0,0,0,0
TRBC2,0,0,0,0,0,0,0
RARRES2,0,0,0,0,0,0,0
MGP,0,0,0,0,0,0,0
TSC22D3,0,0,0,0,0,0,0
HLA-DRB5,0,0,0,0,0,0,0
S100B,0,0,0,0,0,0,0
MMP2,0,0,0,0,0,0,0
LCK,0,0,0,0,0,0,0
IFITM1,0,0,0,0,0,0,0
RGS1,0,0,0,0,0,0,0
BTG1,0,0,0,0,0,0,0
ATP5F1E,0,0,0,0,0,0,0
TRAC,0,0,0,0,0,0,0
CTSK,0,0,0,0,0,0,0
ZFP36L2,0,0,0,0,0,0,0
PMEL,0,0,0,0,0,0,0
KRT15,0,0,0,0,0,0,0
ZFP36,0,0,0,0,0,0,0
SLPI,0,0,0,0,0,0,0
GIMAP7,0,0,0,0,0,0,0
MDK,0,0,0,0,0,0,0
MYL9,0,0,0,0,0,0,0
DUSP2,0,0,0,0,0,0,0
POSTN,0,0,0,0,0,0,0
TFF3,0,0,0,0,0,0,0
SERPINE2,0,0,0,0,0,0,0
TIMP1,0,0,0,0,0,0,0
LTB,0,0,0,0,0,0,0
RNASE1,0,0,0,0,0,0,0
MFAP4,0,0,0,0,0,0,0
KRT14,0,0,0,0,0,0,0
JUNB,0,0,0,0,0,0,0
IFITM3,0,0,0,0,0,0,0
ACTA2,0,0,0,0,0,0,0
CD27,0,0,0,0,0,0,0
TAGLN,0,0,0,0,0,0,0
CREM,0,0,0,0,0,0,0
AQP1,0,0,0,0,0,0,0
DCT,0,0,0,0,0,0,0
CRABP1,0,0,0,0,0,0,0
KRT17,0,0,0,0,0,0,0
TXNIP,0,0,0,0,0,0,0
WFDC2,0,0,0,0,0,0,0
PLAC9,0,0,0,0,0,0,0
MUCL1,0,0,0,0,0,0,0
TACSTD2,0,0,0,0,0,0,0
SERPING1,0,0,0,0,0,0,0
SFN,0,0,0,0,0,0,0
CTSW,0,0,0,0,0,0,0
HSPB1,0,0,0,0,0,0,0
PECAM1,0,0,0,0,0,0,0
DUSP1,0,0,0,0,0,0,0
AGR2,0,0,0,0,0,0,0
CALML5,0,0,0,0,0,0,0
IGKV4-1,0,0,0,0,0,0,0
TFF1,0,0,0,0,0,0,0
COL12A1,0,0,0,0,0,0,0
TCL1A,0,0,0,0,0,0,0
FABP7,0,0,0,0,0,0,0
FOS,0,0,0,0,0,0,0
SCGB2A2,0,0,0,0,0,0,0
TRAT1,0,0,0,0,0,0,0
MZB1,0,0,0,0,0,0,0
CD63,0,0,0,0,0,0,0
PRF1,0,0,0,0,0,0,0
GPR183,0,0,0,0,0,0,0
SPI1,0,0,0,0,0,0,0
IGLV3-21,0,0,0,0,0,0,0
SELL,0,0,0,0,0,0,0
NEAT1,0,0,0,0,0,0,0
GNLY,0,0,0,0,0,0,0
FCN1,0,0,0,0,0,0,0
CP,0,0,0,0,0,0,0
APOA2,0,0,0,0,0,0,0
MXRA5,0,0,0,0,0,0,0
CXCR3,0,0,0,0,0,0,0
APOC3,0,0,0,0,0,0,0
COL14A1,0,0,0,0,0,0,0
S100A2,0,0,0,0,0,0,0
HSPA1A,0,0,0,0,0,0,0
S100P,0,0,0,0,0,0,0
LTF,0,0,0,0,0,0,0
C1orf162,0,0,0,0,0,0,0
CRABP2,0,0,0,0,0,0,0
THBS2,0,0,0,0,0,0,0
GZMH,0,0,0,0,0,0,0
KLRB1,0,0,0,0,0,0,0
CD8B,0,0,0,0,0,0,0
NCF1,0,0,0,0,0,0,0
PIP,0,0,0,0,0,0,0
PHGR1,0,0,0,0,0,0,0
LST1,0,0,0,0,0,0,0
CD34,0,0,0,0,0,0,0
ESAM,0,0,0,0,0,0,0
C15orf48,0,0,0,0,0,0,0
LAG3,0,0,0,0,0,0,0
CAV1,0,0,0,0,0,0,0
C3,0,0,0,0,0,0,0
IRF8,0,0,0,0,0,0,0
FBN1,0,0,0,0,0,0,0
PRSS23,0,0,0,0,0,0,0
BANK1,0,0,0,0,0,0,0
COL4A2,0,0,0,0,0,0,0
CHI3L1,0,0,0,0,0,0,0
XCL1,0,0,0,0,0,0,0
CXCL3,0,0,0,0,0,0,0
FSTL1,0,0,0,0,0,0,0
TNFRSF18,0,0,0,0,0,0,0
COL15A1,0,0,0,0,0,0,0
CD83,0,0,0,0,0,0,0
CXCL9,0,0,0,0,0,0,0
CCL19,0,0,0,0,0,0,0
POU2AF1,0,0,0,0,0,0,0
HSP90AA1,0,0,0,0,0,0,0
PLEK,0,0,0,0,0,0,0
CXCL2,0,0,0,0,0,0,0
CAVIN1,0,0,0,0,0,0,0
FDCSP,0,0,0,0,0,0,0
IGHGP,0,0,0,0,0,0,0
CD93,0,0,0,0,0,0,0
HSPA6,0,0,0,0,0,0,0
IGFBP6,0,0,0,0,0,0,0
CD14,0,0,0,0,0,0,0
CYBB,0,0,0,0,0,0,0
CCR7,0,0,0,0,0,0,0
CHGB,0,0,0,0,0,0,0
LY9,0,0,0,0,0,0,0
HLA-DMB,0,0,0,0,0,0,0
HLA-DQA2,0,0,0,0,0,0,0
CD163,0,0,0,0,0,0,0
NNMT,0,0,0,0,0,0,0
CD19,0,0,0,0,0,0,0
CSF1R,0,0,0,0,0,0,0
COL11A1,0,0,0,0,0,0,0
TF,0,0,0,0,0,0,0
LCN2,0,0,0,0,0,0,0
CALCRL,0,0,0,0,0,0,0
SOD3,0,0,0,0,0,0,0
KRT16,0,0,0,0,0,0,0
ELN,0,0,0,0,0,0,0
ROBO4,0,0,0,0,0,0,0
GJA4,0,0,0,0,0,0,0
CDH5,0,0,0,0,0,0,0
AGR3,0,0,0,0,0,0,0
MS4A7,0,0,0,0,0,0,0
MIR155HG,0,0,0,0,0,0,0
MMP7,0,0,0,0,0,0,0
MNDA,0,0,0,0,0,0,0
ZNF683,0,0,0,0,0,0,0
KRT81,0,0,0,0,0,0,0
MSR1,0,0,0,0,0,0,0
TREM2,0,0,0,0,0,0,0
RBP4,0,0,0,0,0,0,0
SELENOP,0,0,0,0,0,0,0
COL2A1,0,0,0,0,0,0,0
JUN,0,0,0,0,0,0,0
CALHM6,0,0,0,0,0,0,0
ADGRF5,0,0,0,0,0,0,0
BTNL9,0,0,0,0,0,0,0
OGN,0,0,0,0,0,0,0
PPDPFL,0,0,0,0,0,0,0
MS4A4A,0,0,0,0,0,0,0
HMOX1,0,0,0,0,0,0,0
VSIG4,0,0,0,0,0,0,0
GABRP,0,0,0,0,0,0,0
ACSM2A,0,0,0,0,0,0,0
SLC11A1,0,0,0,0,0,0,0
FGG,0,0,0,0,0,0,0
FCGR1A,0,0,0,0,0,0,0
TNFRSF17,0,0,0,0,0,0,0
ADH1B,0,0,0,0,0,0,0
SCGB1D2,0,0,0,0,0,0,0
VTN,0,0,0,0,0,0,0
VPREB3,0,0,0,0,0,0,0
MFAP5,0,0,0,0,0,0,0
SCRG1,0,0,0,0,0,0,0
ACAN,0,0,0,0,0,0,0
SCGB1B2P,0,0,0,0,0,0,0
TAT,0,0,0,0,0,0,0
PNOC,0,0,0,0,0,0,0
OLR1,0,0,0,0,0,0,0
KRT6B,0,0,0,0,0,0,0
FCRL5,0,0,0,0,0,0,0
ITGBL1,0,0,0,0,0,0,0
TM4SF4,0,0,0,0,0,0,0
IFI6,0,0,0,0,0,0,0
S100A7,0,0,0,0,0,0,0
ACSM2B,0,0,0,0,0,0,0
SPINK1,0,0,0,0,0,0,0
ORM1,0,0,0,0,0,0,0
PLAC8,0,0,0,0,0,0,0
SNORC,0,0,0,0,0,0,0
ID1,0,0,0,0,0,0,0
INHBA,0,0,0,0,0,0,0
GJB6,0,0,0,0,0,0,0
LGALS1,0,0,0,0,0,0,0
ACTG2,0,0,0,0,0,0,0
F13A1,0,0,0,0,0,0,0
MEOX1,0,0,0,0,0,0,0
SNCG,0,0,0,0,0,0,0
FRZB,0,0,0,0,0,0,0
CASP14,0,0,0,0,0,0,0
APOA1,0,0,0,0,0,0,0
IGLV3-1,0,0,0,0,0,0,0
APCS,0,0,0,0,0,0,0
CLDN10,0,0,0,0,0,0,0
PYDC1,0,0,0,0,0,0,0
GC,0,0,0,0,0,0,0
TFF2,0,0,0,0,0,0,0
BEX1,0,0,0,0,0,0,0
FGB,0,0,0,0,0,0,0
FGA,0,0,0,0,0,0,0
DEPP1,0,0,0,0,0,0,0
CCN1,0,0,0,0,0,0,0
EGFL7,0,0,0,0,0,0,0
DHRS2,0,0,0,0,0,0,0
EDN1,0,0,0,0,0,0,0
IL1RN,0,0,0,0,0,0,0
MSLN,0,0,0,0,0,0,0
GSTA1,0,0,0,0,0,0,0
ORM2,0,0,0,0,0,0,0
HPGD,0,0,0,0,0,0,0
LINC02532,0,0,0,0,0,0,0
GPX3,0,0,0,0,0,0,0
SDS,0,0,0,0,0,0,0
LBP,0,0,0,0,0,0,0
IGLV6-57,0,0,0,0,0,0,0
S100A6,0,0,0,0,0,0,0
ENPP3,0,0,0,0,0,0,0
UBD,0,0,0,0,0,0,0
SAA2,0,0,0,0,0,0,0
PDK4,0,0,0,0,0,0,0
CCL20,0,0,0,0,0,0,0
CXCL1,0,0,0,0,0,0,0
GPX2,0,0,0,0,0,0,0
CAMK2B,0,0,0,0,0,0,0
ESM1,0,0,0,0,0,0,0
FCN3,0,0,0,0,0,0,0
FGFBP2,0,0,0,0,0,0,0
ARHGDIB,0,0,0,0,0,0,0
CD37,0,0,0,0,0,0,0
FXYD3,0,0,0,0,0,0,0
RAC2,0,0,0,0,0,0,0
HCST,0,0,0,0,0,0,0
IL2RG,0,0,0,0,0,0,0
HLA-E,0,0,0,0,0,0,0
S100A13,0,0,0,0,0,0,0
SPINT2,0,0,0,0,0,0,0
CYTIP,0,0,0,0,0,0,0
LCP1,0,0,0,0,0,0,0
LIMD2,0,0,0,0,0,0,0
TNFAIP3,0,0,0,0,0,0,0
CYBA,0,0,0,0,0,0,0
PCOLCE,0,0,0,0,0,0,0
FYB1,0,0,0,0,0,0,0
FXYD5,0,0,0,0,0,0,0
MGST1,0,0,0,0,0,0,0
CLDN4,0,0,0,0,0,0,0
CXCL13,0,0,0,0,0,0,0
ALOX5AP,0,0,0,0,0,0,0
DSTN,0,0,0,0,0,0,0
SH3BGRL3,0,0,0,0,0,0,0
VIM,0,0,0,0,0,0,0
MXRA8,0,0,0,0,0,0,0
ELOB,0,0,0,0,0,0,0
PPDPF,0,0,0,0,0,0,0
DSP,0,0,0,0,0,0,0
MIF,0,0,0,0,0,0,0
NUPR1,0,0,0,0,0,0,0
SMIM22,0,0,0,0,0,0,0
ITGB2,0,0,0,0,0,0,0
ELF3,0,0,0,0,0,0,0
IFITM2,0,0,0,0,0,0,0
ATP5MG,0,0,0,0,0,0,0
SELENOW,0,0,0,0,0,0,0
TPM1,0,0,0,0,0,0,0
ATP5MC3,0,0,0,0,0,0,0
BIRC3,0,0,0,0,0,0,0
ATP5MC2,0,0,0,0,0,0,0
FBLN1,0,0,0,0,0,0,0
CD9,0,0,0,0,0,0,0
FOXP3,0,0,0,0,0,0,0
TRBV5-1,0,0,0,0,0,0,0
EREG,0,0,0,0,0,0,0
TRBV7-2,0,0,0,0,0,0,0
HBB,0,0,0,0,0,0,0
EVL,0,0,0,0,0,0,0
TRBV7-9,0,0,0,0,0,0,0
COX6C,0,0,0,0,0,0,0
COTL1,0,0,0,0,0,0,0
SARAF,0,0,0,0,0,0,0
TPSAB1,0,0,0,0,0,0,0
CLDN3,0,0,0,0,0,0,0
HSP90AB1,0,0,0,0,0,0,0
GPX1,0,0,0,0,0,0,0
IGHV3-23,0,0,0,0,0,0,0
KLRC1,0,0,0,0,0,0,0
MT2A,0,0,0,0,0,0,0
TRBV6-5,0,0,0,0,0,0,0
SAT1,0,0,0,0,0,0,0
S100A11,0,0,0,0,0,0,0
XCL2,0,0,0,0,0,0,0
TRBV3-1,0,0,0,0,0,0,0
TRDC,0,0,0,0,0,0,0
TRBV9,0,0,0,0,0,0,0
TRBV4-1,0,0,0,0,0,0,0
TRBV4-2,0,0,0,0,0,0,0
LINC02446,0,0,0,0,0,0,0
TRBV2,0,0,0,0,0,0,0
SPDEF,0,0,0,0,0,0,0
NPC2,0,0,0,0,0,0,0
TRBV7-6,0,0,0,0,0,0,0
PCED1B-AS1,0,0,0,0,0,0,0
CSTB,0,0,0,0,0,0,0
ALDOA,0,0,0,0,0,0,0
HLA-DMA,0,0,0,0,0,0,0
IGLV3-25,0,0,0,0,0,0,0
TRAV12-2,0,0,0,0,0,0,0
GNG11,0,0,0,0,0,0,0
PRDX1,0,0,0,0,0,0,0
TRBV6-1,0,0,0,0,0,0,0
IGLV1-51,0,0,0,0,0,0,0
TRAV38-2DV8,0,0,0,0,0,0,0
TRAV13-1,0,0,0,0,0,0,0
GPX4,0,0,0,0,0,0,0
NFKBIA,0,0,0,0,0,0,0
TRBV5-6,0,0,0,0,0,0,0
MT1H,0,0,0,0,0,0,0
PDZK1IP1,0,0,0,0,0,0,0
CCL8,0,0,0,0,0,0,0
FBLN2,0,0,0,0,0,0,0
IGLV2-14,0,0,0,0,0,0,0
TRAV21,0,0,0,0,0,0,0
TRAV29DV5,0,0,0,0,0,0,0
SELENOM,0,0,0,0,0,0,0
TRAV3,0,0,0,0,0,0,0
TNFRSF13B,0,0,0,0,0,0,0
TRAV9-2,0,0,0,0,0,0,0
ANXA2,0,0,0,0,0,0,0
ANXA1,0,0,0,0,0,0,0
PI16,0,0,0,0,0,0,0
TRAV14DV4,0,0,0,0,0,0,0
GSTP1,0,0,0,0,0,0,0
GAS5,0,0,0,0,0,0,0
TRAV17,0,0,0,0,0,0,0
ANKRD30A,0,0,0,0,0,0,0
TRAV12-3,0,0,0,0,0,0,0
S100A12,0,0,0,0,0,0,0
CXCL10,0,0,0,0,0,0,0
TRAV19,0,0,0,0,0,0,0
TPI1,0,0,0,0,0,0,0
ENO1,0,0,0,0,0,0,0
IGLV1-40,0,0,0,0,0,0,0
SLC17A3,0,0,0,0,0,0,0
PKM,0,0,0,0,0,0,0
IGLV2-23,0,0,0,0,0,0,0
EMCN,0,0,0,0,0,0,0
TRAV8-4,0,0,0,0,0,0,0
FCER2,0,0,0,0,0,0,0
PLD4,0,0,0,0,0,0,0
CRP,0,0,0,0,0,0,0
LGALS3,0,0,0,0,0,0,0
DERL3,0,0,0,0,0,0,0
FCRL3,0,0,0,0,0,0,0
HSPE1,0,0,0,0,0,0,0
TRAV1-2,0,0,0,0,0,0,0
IGLV2-8,0,0,0,0,0,0,0
PSAP,0,0,0,0,0,0,0
IGHV3-30,0,0,0,0,0,0,0
SLC5A12,0,0,0,0,0,0,0
DDIT4,0,0,0,0,0,0,0
CXCR5,0,0,0,0,0,0,0
CXCR6,0,0,0,0,0,0,0
KLRD1,0,0,0,0,0,0,0
KDR,0,0,0,0,0,0,0
CCL17,0,0,0,0,0,0,0
KLRG1,0,0,0,0,0,0,0
UBE2C,0,0,0,0,0,0,0
CX3CR1,0,0,0,0,0,0,0
CDC20,0,0,0,0,0,0,0
CA9,0,0,0,0,0,0,0
CCL21,0,0,0,0,0,0,0
CXCL6,0,0,0,0,0,0,0
IFNG,0,0,0,0,0,0,0
CXCL11,0,0,0,0,0,0,0
HSPA8,0,0,0,0,0,0,0
CD40LG,0,0,0,0,0,0,0
KLRK1,0,0,0,0,0,0,0
CCR2,0,0,0,0,0,0,0
CD1C,0,0,0,0,0,0,0
IL17A,0,0,0,0,0,0,0
IL17F,0,0,0,0,0,0,0
CCL7,0,0,0,0,0,0,0
CXCL5,0,0,0,0,0,0,0
IL1A,0,0,0,0,0,0,0
CSF2,0,0,0,0,0,0,0
CSF3,0,0,0,0,0,0,0
DKK1,0,0,0,0,0,0,0
CCL1,0,0,0,0,0,0,0
CCL11,0,0,0,0,0,0,0
CCL24,0,0,0,0,0,0,0
CXCR1,0,0,0,0,0,0,0
ROS1,0,0,0,0,0,0,0
IL6,0,0,0,0,0,0,0
IL2,0,0,0,0,0,0,0
IL21,0,0,0,0,0,0,0
MARCO,0,0,0,0,0,0,0
CLEC9A,0,0,0,0,0,0,0
CCL13,0,0,0,0,0,0,0
CCR9,0,0,0,0,0,0,0
CCL25,0,0,0,0,0,0,0
IL4,0,0,0,0,0,0,0
TNFSF18,0,0,0,0,0,0,0
SIGLEC10,0,0,0,0,0,0,0
HLA-DQB1,0,0,0,0,0,0,0
RORC,0,0,0,0,0,0,0
CD3G,0,0,0,0,0,0,0
CD38,0,0,0,0,0,0,0
TOX,0,0,0,0,0,0,0
HLA-DRB1,0,0,0,0,0,0,0
CCR4,0,0,0,0,0,0,0
NRP1,0,0,0,0,0,0,0
IKZF2,0,0,0,0,0,0,0
IL2RA,0,0,0,0,0,0,0
MERTK,0,0,0,0,0,0,0
PRDM1,0,0,0,0,0,0,0
HAVCR2,0,0,0,0,0,0,0
CD4,0,0,0,0,0,0,0
TBX21,0,0,0,0,0,0,0
BCL6,0,0,0,0,0,0,0
HLA-DPB1,0,0,0,0,0,0,0
HLA-DRA,0,0,0,0,0,0,0
PDCD1,0,0,0,0,0,0,0
CCR5,0,0,0,0,0,0,0
PTPRC,0,0,0,0,0,0,0
SIGLEC1,0,0,0,0,0,0,0
SIRPB1,0,0,0,0,0,0,0
GATA3,0,0,0,0,0,0,0
LILRB2,0,0,0,0,0,0,0
ITGAX,0,0,0,0,0,0,0
IRF4,0,0,0,0,0,0,0
FCGR3B,0,0,0,0,0,0,0
CD79B,0,0,0,0,0,0,0
XBP1,0,0,0,0,0,0,0
ITGAL,0,0,0,0,0,0,0
LILRB1,0,0,0,0,0,0,0
SIRPA,0,0,0,0,0,0,0
CCR8,0,0,0,0,0,0,0
TCF7,0,0,0,0,0,0,0
BATF,0,0,0,0,0,0,0
HLA-B,0,0,0,0,0,0,0
PDPN,0,0,0,0,0,0,0
ITGAM,0,0,0,0,0,0,0
ENG,0,0,0,0,0,0,0
LAMP3,0,0,0,0,0,0,0
HLA-DPA1,0,0,0,0,0,0,0
MPO,0,0,0,0,0,0,0
HLA-C,0,0,0,0,0,0,0
CCR10,0,0,0,0,0,0,0
CD28,0,0,0,0,0,0,0
ICOS,0,0,0,0,0,0,0
HLA-DQA1,0,0,0,0,0,0,0
HLA-A,0,0,0,0,0,0,0
SDC1,0,0,0,0,0,0,0
LILRA4,0,0,0,0,0,0,0
MCAM,0,0,0,0,0,0,0
LEF1,0,0,0,0,0,0,0
CTLA4,0,0,0,0,0,0,0
MRC1,0,0,0,0,0,0,0
CCR6,0,0,0,0,0,0,0
CCL14,0,0,0,0,0,0,0
IL33,0,0,0,0,0,0,0
PDCD1LG2,0,0,0,0,0,0,0
CXCL4,0,0,0,0,0,0,0
CCL12,0,0,0,0,0,0,0
CXCL7,0,0,0,0,0,0,0
TNFRSF7,0,0,0,0,0,0,0
IL12,0,0,0,0,0,0,0
TNFSF3,0,0,0,0,0,0,0
TNFRSF19,0,0,0,0,0,0,0
TNFSF12,0,0,0,0,0,0,0
TNFSF7,0,0,0,0,0,0,0
LIF,0,0,0,0,0,0,0
TNFRSF8,0,0,0,0,0,0,0
TNFSF6,0,0,0,0,0,0,0
CCL4,0,0,0,0,0,0,0
TNFSF13,0,0,0,0,0,0,0
CSF1,0,0,0,0,0,0,0
TNFRSF23,0,0,0,0,0,0,0
TNFSF15,0,0,0,0,0,0,0
CCR3,0,0,0,0,0,0,0
TNFRSF16,0,0,0,0,0,0,0
TNFSF10,0,0,0,0,0,0,0
TNFRSF20,0,0,0,0,0,0,0
IL8,0,0,0,0,0,0,0
TNFSF8,0,0,0,0,0,0,0
TNFRSF5,0,0,0,0,0,0,0
TNFRSF14,0,0,0,0,0,0,0
TNFRSF25,0,0,0,0,0,0,0
CX3CL1,0,0,0,0,0,0,0
TNFRSF1,0,0,0,0,0,0,0
CD40,0,0,0,0,0,0,0
TNFRSF6,0,0,0,0,0,0,0
TNFSF16,0,0,0,0,0,0,0
TNFRSF24,0,0,0,0,0,0,0
CCL23,0,0,0,0,0,0,0
IL24,0,0,0,0,0,0,0
CD274,0,0,0,0,0,0,0
IL27,0,0,0,0,0,0,0
CCL10,0,0,0,0,0,0,0
CXCR2,0,0,0,0,0,0,0
CCL6,0,0,0,0,0,0,0
CCL15,0,0,0,0,0,0,0
IL1,0,0,0,0,0,0,0
IL11,0,0,0,0,0,0,0
CCL26,0,0,0,0,0,0,0
IL34,0,0,0,0,0,0,0
CCL3,0,0,0,0,0,0,0
TNFRSF21,0,0,0,0,0,0,0
TNFSF2,0,0,0,0,0,0,0
IL3,0,0,0,0,0,0,0
TNFRSF22,0,0,0,0,0,0,0
IL25,0,0,0,0,0,0,0
CCL27,0,0,0,0,0,0,0
IL23A,0,0,0,0,0,0,0
CCL16,0,0,0,0,0,0,0
TNFRSF12,0,0,0,0,0,0,0
IL23,0,0,0,0,0,0,0
TNFSF4,0,0,0,0,0,0,0
IL7,0,0,0,0,0,0,0
ADORA2A,0,0,0,0,0,0,0
IL28,0,0,0,0,0,0,0
IL30,0,0,0,0,0,0,0
VSIR,0,0,0,0,0,0,0
IL10,0,0,0,0,0,0,0
IL16,0,0,0,0,0,0,0
IL36,0,0,0,0,0,0,0
TNF,0,0,0,0,0,0,0
TNFSF14,0,0,0,0,0,0,0
CCL18,0,0,0,0,0,0,0
TNFRSF10,0,0,0,0,0,0,0
TNFRSF2,0,0,0,0,0,0,0
IL18,0,0,0,0,0,0,0
IL12A,0,0,0,0,0,0,0
IL20,0,0,0,0,0,0,0
IL12B,0,0,0,0,0,0,0
CCL28,0,0,0,0,0,0,0
TNFRSF3,0,0,0,0,0,0,0
TNFSF19,0,0,0,0,0,0,0
TNFRSF9,0,0,0,0,0,0,0
IL15,0,0,0,0,0,0,0
TNFSF5,0,0,0,0,0,0,0
CXCL15,0,0,0,0,0,0,0
IL31,0,0,0,0,0,0,0
IL14,0,0,0,0,0,0,0
IL29,0,0,0,0,0,0,0
TNFRSF13,0,0,0,0,0,0,0
TNFSF11,0,0,0,0,0,0,0
TNFSF17,0,0,0,0,0,0,0
CCR1,0,0,0,0,0,0,0
CCL22,0,0,0,0,0,0,0
TNFSF9,0,0,0,0,0,0,0
IL26,0,0,0,0,0,0,0
IL17,0,0,0,0,0,0,0
TNFRSF11,0,0,0,0,0,0,0
IL5,0,0,0,0,0,0,0
CCL5,0,0,0,0,0,0,0
CXCL16,0,0,0,0,0,0,0
LAIR1,0,0,0,0,0,0,0
IL35,0,0,0,0,0,0,0
TNFSF1,0,0,0,0,0,0,0
TGFB1,0,0,0,0,0,0,0
CCL9,0,0,0,0,0,0,0
TNFRSF15,0,0,0,0,0,0,0
IL19,0,0,0,0,0,0,0
E2F1,0,0,0,0,0,0,0
AKT1S1,0,0,0,0,0,0,0
NOTCH1,0,0,0,0,0,0,0
RET,0,0,0,0,0,0,0
RPTOR,0,0,0,0,0,0,0
DVL2,0,0,0,0,0,0,0
DVL3,0,0,0,0,0,0,0
GAB1,0,0,0,0,0,0,0
RAF1,0,0,0,0,0,0,0
WNT2,0,0,0,0,0,0,0
MET,0,0,0,0,0,0,0
RB1,0,0,0,0,0,0,0
GLI1,0,0,0,0,0,0,0
PORCN,0,0,0,0,0,0,0
MAPK12,0,0,0,0,0,0,0
PIK3CD,0,0,0,0,0,0,0
AKT1,0,0,0,0,0,0,0
STAT5A,0,0,0,0,0,0,0
TYK2,0,0,0,0,0,0,0
FZD9,0,0,0,0,0,0,0
FZD4,0,0,0,0,0,0,0
PDGFRB,0,0,0,0,0,0,0
FLT3,0,0,0,0,0,0,0
JAG2,0,0,0,0,0,0,0
CDKN2A,0,0,0,0,0,0,0
DLL1,0,0,0,0,0,0,0
TCF7L2,0,0,0,0,0,0,0
HEY2,0,0,0,0,0,0,0
NTRK2,0,0,0,0,0,0,0
EPHB2,0,0,0,0,0,0,0
HEY1,0,0,0,0,0,0,0
GLI3,0,0,0,0,0,0,0
TGFB2,0,0,0,0,0,0,0
TSC1,0,0,0,0,0,0,0
WNT7B,0,0,0,0,0,0,0
JAK1,0,0,0,0,0,0,0
WNT4,0,0,0,0,0,0,0
STAT6,0,0,0,0,0,0,0
RHEB,0,0,0,0,0,0,0
TP53,0,0,0,0,0,0,0
E2F2,0,0,0,0,0,0,0
MAPK10,0,0,0,0,0,0,0
IGF1R,0,0,0,0,0,0,0
SMAD3,0,0,0,0,0,0,0
MAP2K4,0,0,0,0,0,0,0
NOTCH4,0,0,0,0,0,0,0
EIF4EBP1,0,0,0,0,0,0,0
WNT3,0,0,0,0,0,0,0
AKT2,0,0,0,0,0,0,0
FZD10,0,0,0,0,0,0,0
SMO,0,0,0,0,0,0,0
CCND1,0,0,0,0,0,0,0
DVL1,0,0,0,0,0,0,0
ERBB4,0,0,0,0,0,0,0
HES1,0,0,0,0,0,0,0
JAK3,0,0,0,0,0,0,0
DUSP6,0,0,0,0,0,0,0
PTEN,0,0,0,0,0,0,0
FGFR4,0,0,0,0,0,0,0
STAT2,0,0,0,0,0,0,0
SOS1,0,0,0,0,0,0,0
SMAD2,0,0,0,0,0,0,0
SMAD7,0,0,0,0,0,0,0
WNT5A,0,0,0,0,0,0,0
TERT,0,0,0,0,0,0,0
WNT5B,0,0,0,0,0,0,0
PTPN11,0,0,0,0,0,0,0
JAG1,0,0,0,0,0,0,0
SOCS3,0,0,0,0,0,0,0
NOTCH3,0,0,0,0,0,0,0
NTRK1,0,0,0,0,0,0,0
FZD8,0,0,0,0,0,0,0
NOTCH2,0,0,0,0,0,0,0
E2F3,0,0,0,0,0,0,0
NRAS,0,0,0,0,0,0,0
EGFR,0,0,0,0,0,0,0
CCNE1,0,0,0,0,0,0,0
MAPK11,0,0,0,0,0,0,0
CTNNB1,0,0,0,0,0,0,0
PTCH1,0,0,0,0,0,0,0
APC,0,0,0,0,0,0,0
SOCS1,0,0,0,0,0,0,0
EIF4E,0,0,0,0,0,0,0
ERBB2,0,0,0,0,0,0,0
PDPK1,0,0,0,0,0,0,0
PDGFRA,0,0,0,0,0,0,0
MAP2K2,0,0,0,0,0,0,0
CCND3,0,0,0,0,0,0,0
FZD3,0,0,0,0,0,0,0
MAP2K6,0,0,0,0,0,0,0
RICTOR,0,0,0,0,0,0,0
AXIN1,0,0,0,0,0,0,0
STAT3,0,0,0,0,0,0,0
MAPK13,0,0,0,0,0,0,0
FLT4,0,0,0,0,0,0,0
BRAF,0,0,0,0,0,0,0
MAPK8,0,0,0,0,0,0,0
MDM2,0,0,0,0,0,0,0
AKT3,0,0,0,0,0,0,0
FZD5,0,0,0,0,0,0,0
MAPK1,0,0,0,0,0,0,0
FZD1,0,0,0,0,0,0,0
FOXO1,0,0,0,0,0,0,0
FRAT1,0,0,0,0,0,0,0
TGFBR1,0,0,0,0,0,0,0
APC2,0,0,0,0,0,0,0
FZD2,0,0,0,0,0,0,0
FOXO3,0,0,0,0,0,0,0
IRS2,0,0,0,0,0,0,0
LRP5,0,0,0,0,0,0,0
MAP2K7,0,0,0,0,0,0,0
SMAD4,0,0,0,0,0,0,0
PIK3R1,0,0,0,0,0,0,0
CCND2,0,0,0,0,0,0,0
GSK3B,0,0,0,0,0,0,0
JAK2,0,0,0,0,0,0,0
STAT4,0,0,0,0,0,0,0
KRAS,0,0,0,0,0,0,0
AXIN2,0,0,0,0,0,0,0
CCNE2,0,0,0,0,0,0,0
STAT5B,0,0,0,0,0,0,0
FOXO4,0,0,0,0,0,0,0
SOS2,0,0,0,0,0,0,0
AXL,0,0,0,0,0,0,0
FLT1,0,0,0,0,0,0,0
MYCN,0,0,0,0,0,0,0
TGFBR2,0,0,0,0,0,0,0
SOX2,0,0,0,0,0,0,0
EPHA2,0,0,0,0,0,0,0
SPRY2,0,0,0,0,0,0,0
FGFR3,0,0,0,0,0,0,0
STAT1,0,0,0,0,0,0,0
PIK3R2,0,0,0,0,0,0,0
DLL3,0,0,0,0,0,0,0
TGFB3,0,0,0,0,0,0,0
ERBB3,0,0,0,0,0,0,0
FGFR2,0,0,0,0,0,0,0
PIK3CA,0,0,0,0,0,0,0
MYC,0,0,0,0,0,0,0
MAPK14,0,0,0,0,0,0,0
HRAS,0,0,0,0,0,0,0
GLI2,0,0,0,0,0,0,0
FGFR1,0,0,0,0,0,0,0
LRP6,0,0,0,0,0,0,0
FZD7,0,0,0,0,0,0,0
NTRK3,0,0,0,0,0,0,0
PIK3CB,0,0,0,0,0,0,0
DLL4,0,0,0,0,0,0,0
KIT,0,0,0,0,0,0,0
RASA1,0,0,0,0,0,0,0
PIK3CG,0,0,0,0,0,0,0
SHC1,0,0,0,0,0,0,0
PIK3R3,0,0,0,0,0,0,0
MTOR,0,0,0,0,0,0,0
TSC2,0,0,0,0,0,0,0
GRB2,0,0,0,0,0,0,0
MAPK3,0,0,0,0,0,0,0
FZD6,0,0,0,0,0,0,0
MAPK9,0,0,0,0,0,0,0
MAP2K3,0,0,0,0,0,0,0
IRS1,0,0,0,0,0,0,0
EPHA4,0,0,0,0,0,0,0
MAP2K1,0,0,0,0,0,0,0
RAD52,0,0,0,0,0,0,0
HSP90B1,0,0,0,0,0,0,0
CDK4,0,0,0,0,0,0,0
ATF3,0,0,0,0,0,0,0
CCNB1,0,0,0,0,0,0,0
MKI67,0,0,0,0,0,0,0
XRCC5,0,0,0,0,0,0,0
MCM5,0,0,0,0,0,0,0
LIG1,0,0,0,0,0,0,0
HSPA1B,0,0,0,0,0,0,0
ORC5,0,0,0,0,0,0,0
XRCC4,0,0,0,0,0,0,0
CHEK1,0,0,0,0,0,0,0
MDC1,0,0,0,0,0,0,0
RAD1,0,0,0,0,0,0,0
AURKB,0,0,0,0,0,0,0
PPP1R15A,0,0,0,0,0,0,0
MCM2,0,0,0,0,0,0,0
RAD51,0,0,0,0,0,0,0
PRKDC,0,0,0,0,0,0,0
MRE11A,0,0,0,0,0,0,0
PARP2,0,0,0,0,0,0,0
CHEK2,0,0,0,0,0,0,0
NFE2L2,0,0,0,0,0,0,0
HSPB8,0,0,0,0,0,0,0
BRIP1,0,0,0,0,0,0,0
CCNA1,0,0,0,0,0,0,0
HSPH1,0,0,0,0,0,0,0
PMS2,0,0,0,0,0,0,0
TOP2A,0,0,0,0,0,0,0
CCNA2,0,0,0,0,0,0,0
DDIT3,0,0,0,0,0,0,0
CDT1,0,0,0,0,0,0,0
ATF6,0,0,0,0,0,0,0
XRCC2,0,0,0,0,0,0,0
CDK1,0,0,0,0,0,0,0
RAD54L,0,0,0,0,0,0,0
LIG4,0,0,0,0,0,0,0
PPP1R15B,0,0,0,0,0,0,0
POLK,0,0,0,0,0,0,0
CDC6,0,0,0,0,0,0,0
XRCC3,0,0,0,0,0,0,0
ATM,0,0,0,0,0,0,0
ORC6,0,0,0,0,0,0,0
ORC3,0,0,0,0,0,0,0
AURKA,0,0,0,0,0,0,0
RPA2,0,0,0,0,0,0,0
POLH,0,0,0,0,0,0,0
BRCA1,0,0,0,0,0,0,0
MLH1,0,0,0,0,0,0,0
LIG3,0,0,0,0,0,0,0
ATF4,0,0,0,0,0,0,0
MSH2,0,0,0,0,0,0,0
HUS1,0,0,0,0,0,0,0
XRCC1,0,0,0,0,0,0,0
CDK6,0,0,0,0,0,0,0
BUB1B,0,0,0,0,0,0,0
ATR,0,0,0,0,0,0,0
FOSB,0,0,0,0,0,0,0
RAD50,0,0,0,0,0,0,0
FANCD2,0,0,0,0,0,0,0
RPA1,0,0,0,0,0,0,0
MCM7,0,0,0,0,0,0,0
PCNA,0,0,0,0,0,0,0
H2AFX,0,0,0,0,0,0,0
CCNB2,0,0,0,0,0,0,0
HIF1A,0,0,0,0,0,0,0
RAD17,0,0,0,0,0,0,0
ORC4,0,0,0,0,0,0,0
MSH6,0,0,0,0,0,0,0
CDKN1A,0,0,0,0,0,0,0
HSF1,0,0,0,0,0,0,0
CDK2,0,0,0,0,0,0,0
BUB1,0,0,0,0,0,0,0
ORC2,0,0,0,0,0,0,0
PARP1,0,0,0,0,0,0,0
ORC1,0,0,0,0,0,0,0
EXO1,0,0,0,0,0,0,0
PLK1,0,0,0,0,0,0,0
POLQ,0,0,0,0,0,0,0
MCM6,0,0,0,0,0,0,0
MCM4,0,0,0,0,0,0,0
BRCA2,0,0,0,0,0,0,0
CDC7,0,0,0,0,0,0,0
HSPB2,0,0,0,0,0,0,0
MCM3,0,0,0,0,0,0,0
ITGA3,0,0,0,0,0,0,0
EGLN2,0,0,0,0,0,0,0
ITGB3,0,0,0,0,0,0,0
LDHA,0,0,0,0,0,0,0
MUC1,0,0,0,0,0,0,0
VEGFB,0,0,0,0,0,0,0
ZEB2,0,0,0,0,0,0,0
LAMC1,0,0,0,0,0,0,0
LAMA4,0,0,0,0,0,0,0
EGLN1,0,0,0,0,0,0,0
TIMP2,0,0,0,0,0,0,0
VEGFC,0,0,0,0,0,0,0
PGF,0,0,0,0,0,0,0
MMP14,0,0,0,0,0,0,0
LAMA2,0,0,0,0,0,0,0
P4HA2,0,0,0,0,0,0,0
ITGA2,0,0,0,0,0,0,0
TWIST2,0,0,0,0,0,0,0
KRT20,0,0,0,0,0,0,0
CDH2,0,0,0,0,0,0,0
LAMB1,0,0,0,0,0,0,0
LOXL2,0,0,0,0,0,0,0
ITGA5,0,0,0,0,0,0,0
ITGB5,0,0,0,0,0,0,0
ZEB1,0,0,0,0,0,0,0
ITGA1,0,0,0,0,0,0,0
TEK,0,0,0,0,0,0,0
TWIST1,0,0,0,0,0,0,0
VEGFA,0,0,0,0,0,0,0
EPCAM,0,0,0,0,0,0,0
PDGFA,0,0,0,0,0,0,0
P4HA1,0,0,0,0,0,0,0
PDK3,0,0,0,0,0,0,0
PDGFB,0,0,0,0,0,0,0
ANGPT1,0,0,0,0,0,0,0
CDH1,0,0,0,0,0,0,0
SNAI1,0,0,0,0,0,0,0
PDK1,0,0,0,0,0,0,0
ITGAV,0,0,0,0,0,0,0
EGLN3,0,0,0,0,0,0,0
P4HB,0,0,0,0,0,0,0
ENTPD1,0,0,0,0,0,0,0
NT5E,0,0,0,0,0,0,0
ICOSLG,0,0,0,0,0,0,0
CLEC4C,0,0,0,0,0,0,0
