gene,freq,mean_rank,score,symbol
ENSG00000251039,5,0.0,5.0,IGKV2D-40
ENSG00000211837,5,1.0,4.999333333333333,TRAJ53
ENSG00000211672,5,3.6,4.9976,IGLV4-3
ENSG00000211838,5,5.4,4.9964,TRAJ52
ENSG00000254326,5,8.4,4.9944,IGHV7-27
ENSG00000211844,5,8.4,4.9944,TRAJ45
ENSG00000108821,5,9.8,4.9934666666666665,COL1A1
ENSG00000157005,5,12.2,4.991866666666667,SST
ENSG00000211639,5,12.6,4.9916,IGLV4-60
ENSG00000278661,5,15.4,4.989733333333334,TRAJ37
ENSG00000211675,5,17.0,4.988666666666667,IGLC1
ENSG00000164692,5,18.6,4.9876,COL1A2
ENSG00000282122,5,18.8,4.987466666666666,IGHV7-4-1
ENSG00000158874,5,19.8,4.9868,APOA2
ENSG00000259490,5,20.4,4.9864,IGHV3OR15-7
ENSG00000211664,5,20.4,4.9864,IGLV2-18
ENSG00000111341,5,21.6,4.9856,MGP
ENSG00000211638,5,22.4,4.9850666666666665,IGLV8-61
ENSG00000211952,5,22.6,4.984933333333333,IGHV4-28
ENSG00000171199,5,23.8,4.984133333333333,OPRPN
ENSG00000211867,5,27.0,4.982,TRAJ22
ENSG00000149021,5,27.4,4.981733333333334,SCGB1A1
ENSG00000211847,5,28.4,4.981066666666667,TRAJ42
ENSG00000259337,5,29.2,4.980533333333334,IGHV1OR15-2
ENSG00000181617,5,30.2,4.979866666666667,FDCSP
ENSG00000278857,5,31.6,4.978933333333333,IGKV1D-12
ENSG00000251546,5,34.0,4.977333333333333,IGKV1D-39
ENSG00000172236,5,35.0,4.976666666666667,TPSAB1
ENSG00000211979,5,35.4,4.9764,IGHV7-81
ENSG00000163751,5,35.8,4.976133333333333,CPA3
ENSG00000153002,5,37.8,4.9748,CPB1
ENSG00000241794,5,38.8,4.9741333333333335,SPRR2A
ENSG00000110244,5,39.4,4.973733333333334,APOA4
ENSG00000261704,5,40.4,4.973066666666667,IGHV1OR16-1
ENSG00000203785,5,41.4,4.9724,SPRR2E
ENSG00000242534,5,43.0,4.971333333333333,IGKV2D-28
ENSG00000167531,5,44.8,4.970133333333333,LALBA
ENSG00000211642,5,45.2,4.969866666666666,IGLV10-54
ENSG00000223350,5,45.8,4.9694666666666665,IGLV9-49
ENSG00000115523,5,48.0,4.968,GNLY
ENSG00000113140,5,48.2,4.967866666666667,SPARC
ENSG00000243264,5,50.0,4.966666666666667,IGKV2D-29
ENSG00000211720,5,51.6,4.9656,TRBV11-1
ENSG00000239571,5,52.0,4.965333333333334,IGKV2D-30
ENSG00000177504,5,53.8,4.964133333333334,VCX2
ENSG00000089199,5,55.6,4.962933333333333,CHGB
ENSG00000197253,5,56.2,4.962533333333333,TPSB2
ENSG00000239975,5,56.6,4.962266666666666,IGKV1D-33
ENSG00000253234,5,57.0,4.962,IGLV2-5
ENSG00000019582,5,57.2,4.961866666666666,CD74
ENSG00000011465,5,59.6,4.960266666666667,DCN
ENSG00000160180,5,60.4,4.959733333333333,TFF3
ENSG00000211665,5,62.0,4.958666666666667,IGLV3-16
ENSG00000239910,5,64.4,4.957066666666667,RN7SL530P
ENSG00000185664,5,67.8,4.9548,PMEL
ENSG00000211655,5,69.0,4.954,IGLV1-36
ENSG00000170373,5,69.4,4.953733333333333,CST1
ENSG00000275158,5,69.4,4.953733333333333,TRBV12-5
ENSG00000196565,5,71.8,4.952133333333333,HBG2
ENSG00000130203,5,72.4,4.951733333333333,APOE
ENSG00000170323,5,73.4,4.951066666666667,FABP4
ENSG00000163453,5,74.4,4.9504,IGFBP7
ENSG00000211637,5,75.2,4.949866666666667,IGLV4-69
ENSG00000108702,5,75.6,4.9496,CCL1
ENSG00000110245,5,75.8,4.949466666666667,APOC3
ENSG00000211955,5,76.8,4.9488,IGHV3-33
ENSG00000211645,5,78.8,4.947466666666666,IGLV1-50
ENSG00000143556,5,79.4,4.947066666666666,S100A7
ENSG00000254046,5,80.8,4.946133333333333,IGHV1-17
ENSG00000145192,5,81.8,4.9454666666666665,AHSG
ENSG00000172551,5,82.0,4.945333333333333,MUCL1
ENSG00000161634,5,82.0,4.945333333333333,DCD
ENSG00000211652,5,83.6,4.944266666666667,IGLV7-43
ENSG00000211658,5,84.0,4.944,IGLV3-27
ENSG00000188508,5,84.0,4.944,KRTDAP
ENSG00000163631,5,84.8,4.943466666666667,ALB
ENSG00000095917,5,84.8,4.943466666666667,TPSD1
ENSG00000210082,5,85.4,4.943066666666667,MT-RNR2
ENSG00000236535,5,86.6,4.942266666666667,RC3H1-IT1
ENSG00000254174,5,88.0,4.941333333333334,IGHV1-12
ENSG00000241244,5,89.2,4.940533333333334,IGKV1D-16
ENSG00000135346,5,91.0,4.939333333333333,CGA
ENSG00000156234,5,92.0,4.938666666666666,CXCL13
ENSG00000276405,5,92.4,4.9384,TRBV13
ENSG00000110484,5,92.8,4.938133333333333,SCGB2A2
ENSG00000142515,5,96.0,4.936,KLK3
ENSG00000211943,5,96.8,4.935466666666667,IGHV3-15
ENSG00000211649,5,98.4,4.9344,IGLV7-46
ENSG00000243353,5,101.6,4.932266666666667,RPS29P19
ENSG00000136872,5,102.0,4.932,ALDOB
ENSG00000187026,5,102.6,4.9316,KRTAP21-2
ENSG00000139329,5,103.6,4.930933333333333,LUM
ENSG00000145423,5,104.4,4.9304,SFRP2
ENSG00000102970,5,106.6,4.928933333333333,CCL17
ENSG00000224041,5,107.0,4.9286666666666665,IGKV3D-15
ENSG00000282639,5,107.2,4.928533333333333,IGHV3-64D
ENSG00000129862,5,111.2,4.925866666666667,VCY1B
ENSG00000253691,5,111.2,4.925866666666667,IGKV2OR22-4
ENSG00000231475,5,111.4,4.9257333333333335,IGHV4-31
ENSG00000211651,5,112.6,4.924933333333334,IGLV1-44
ENSG00000233590,5,114.4,4.923733333333334,LINC02640
ENSG00000253818,5,114.8,4.923466666666667,IGLV1-41
ENSG00000115386,5,115.0,4.923333333333334,REG1A
ENSG00000148942,5,116.2,4.922533333333333,SLC5A12
ENSG00000186847,5,116.8,4.922133333333333,KRT14
ENSG00000107165,5,117.8,4.921466666666666,TYRP1
ENSG00000163736,5,119.8,4.920133333333333,PPBP
ENSG00000211592,5,121.0,4.919333333333333,IGKC
ENSG00000206177,5,126.8,4.915466666666667,HBM
ENSG00000275791,5,126.8,4.915466666666667,TRBV10-3
ENSG00000282651,5,127.0,4.915333333333333,IGHV5-10-1
ENSG00000211949,5,131.8,4.912133333333333,IGHV3-23
ENSG00000283293,5,132.8,4.911466666666667,RN7SK
ENSG00000166509,5,133.0,4.911333333333333,CLEC3A
ENSG00000282939,5,135.2,4.909866666666667,TRBV7-2
ENSG00000211946,5,135.2,4.909866666666667,IGHV3-20
ENSG00000197353,5,135.4,4.9097333333333335,LYPD2
ENSG00000240250,5,140.8,4.906133333333333,RN7SL541P
ENSG00000211947,5,141.2,4.905866666666666,IGHV3-21
ENSG00000132693,5,141.6,4.9056,CRP
ENSG00000242241,5,141.8,4.905466666666666,RN7SL306P
ENSG00000223914,5,142.0,4.905333333333333,LINC02471
ENSG00000253239,5,142.2,4.9052,IGLVI-70
ENSG00000149534,5,142.4,4.9050666666666665,MS4A2
ENSG00000211717,5,145.8,4.9028,TRBV10-1
ENSG00000211942,5,145.8,4.9028,IGHV3-13
ENSG00000118523,5,146.8,4.9021333333333335,CCN2
ENSG00000172724,5,148.4,4.901066666666667,CCL19
ENSG00000211650,5,149.8,4.900133333333334,IGLV5-45
ENSG00000211661,5,149.8,4.900133333333334,IGLV3-22
ENSG00000101439,5,151.2,4.8992,CST3
ENSG00000242580,5,153.2,4.897866666666666,IGKV1D-43
ENSG00000211725,5,153.8,4.897466666666666,TRBV5-5
ENSG00000011600,5,154.0,4.897333333333333,TYROBP
ENSG00000137077,5,154.2,4.8972,CCL21
ENSG00000102055,5,154.8,4.8968,PPP1R2C
ENSG00000105374,5,155.0,4.8966666666666665,NKG7
ENSG00000222726,5,156.4,4.895733333333333,RNU2-7P
ENSG00000204389,5,157.8,4.8948,HSPA1A
ENSG00000211632,5,159.2,4.893866666666667,IGKV3D-11
ENSG00000211669,5,160.8,4.8928,IGLV3-10
ENSG00000029559,5,161.2,4.892533333333334,IBSP
ENSG00000237674,5,161.4,4.8924,GSTA7P
ENSG00000115414,5,161.8,4.892133333333334,FN1
ENSG00000117601,5,162.6,4.8916,SERPINC1
ENSG00000266079,5,163.4,4.891066666666666,SNORA59B
ENSG00000211710,5,166.4,4.889066666666666,TRBV4-1
ENSG00000163216,5,166.6,4.888933333333333,SPRR2D
ENSG00000229314,5,167.2,4.888533333333333,ORM1
ENSG00000211941,5,168.2,4.887866666666667,IGHV3-11
ENSG00000158578,5,168.2,4.887866666666667,ALAS2
ENSG00000171345,5,168.8,4.887466666666667,KRT19
ENSG00000173369,5,170.0,4.886666666666667,C1QB
ENSG00000253709,5,170.2,4.886533333333333,IGHV1-14
ENSG00000253822,5,170.6,4.886266666666667,IGLV3-24
ENSG00000253631,5,172.2,4.8852,IGLV7-35
ENSG00000211951,5,172.4,4.885066666666667,IGHV2-26
ENSG00000211950,5,172.6,4.884933333333334,IGHV1-24
ENSG00000236776,5,174.0,4.884,RPL21P23
ENSG00000244734,5,174.4,4.883733333333334,HBB
ENSG00000163737,5,174.4,4.883733333333334,PF4
ENSG00000133636,5,174.8,4.883466666666667,NTS
ENSG00000124568,5,175.2,4.8832,SLC17A1
ENSG00000211667,5,178.4,4.881066666666666,IGLV3-12
ENSG00000053438,5,180.6,4.8796,NNAT
ENSG00000122862,5,181.0,4.879333333333333,SRGN
ENSG00000122585,5,182.0,4.878666666666667,NPY
ENSG00000211745,5,182.0,4.878666666666667,TRBV4-2
ENSG00000172016,5,182.2,4.878533333333333,REG3A
ENSG00000196611,5,185.0,4.876666666666667,MMP1
ENSG00000270467,5,185.4,4.8764,IGHV3OR16-12
ENSG00000255319,5,188.4,4.8744,ENPP7P8
ENSG00000159189,5,189.2,4.873866666666666,C1QC
ENSG00000170345,5,189.8,4.873466666666666,FOS
ENSG00000143248,5,191.2,4.872533333333333,RGS5
ENSG00000171195,5,195.8,4.869466666666667,MUC7
ENSG00000241657,5,196.0,4.8693333333333335,TRBV11-2
ENSG00000277987,5,196.6,4.868933333333334,LINC02351
ENSG00000149591,5,198.8,4.867466666666667,TAGLN
ENSG00000211656,5,199.8,4.8668,IGLV2-33
ENSG00000171201,5,201.0,4.866,SMR3B
ENSG00000276566,5,201.4,4.865733333333333,IGKV1D-13
ENSG00000236737,5,203.2,4.864533333333333,GAGE12B
ENSG00000257017,5,205.2,4.8632,HP
ENSG00000213088,5,205.4,4.863066666666667,ACKR1
ENSG00000173372,5,206.2,4.862533333333333,C1QA
ENSG00000229769,5,206.8,4.862133333333333,TRBV10-2
ENSG00000270550,5,208.0,4.8613333333333335,IGHV3-30
ENSG00000113889,5,209.2,4.860533333333334,KNG1
ENSG00000145824,5,209.4,4.8604,CXCL14
ENSG00000160182,5,209.6,4.860266666666667,TFF1
ENSG00000128422,5,210.6,4.8596,KRT17
ENSG00000235262,5,212.4,4.8584,KDM5C-IT1
ENSG00000205420,5,212.6,4.858266666666666,KRT6A
ENSG00000274752,5,215.8,4.856133333333333,TRBV12-3
ENSG00000223609,5,219.2,4.853866666666667,HBD
ENSG00000211714,5,219.6,4.8536,TRBV7-3
ENSG00000124564,5,220.0,4.8533333333333335,SLC17A3
ENSG00000211724,5,220.6,4.8529333333333335,TRBV6-6
ENSG00000218996,5,221.8,4.852133333333334,ARL4AP5
ENSG00000118785,5,223.2,4.8512,SPP1
ENSG00000188293,5,224.2,4.850533333333333,IGFL1
ENSG00000211662,5,224.2,4.850533333333333,IGLV3-21
ENSG00000249649,5,224.6,4.850266666666666,MRPS33P2
ENSG00000278030,5,224.8,4.850133333333333,TRBV7-9
ENSG00000099953,5,225.4,4.849733333333333,MMP11
ENSG00000256590,5,227.6,4.8482666666666665,TRDV3
ENSG00000242766,5,231.4,4.845733333333333,IGKV1D-17
ENSG00000251994,5,233.6,4.844266666666667,RNU2-27P
ENSG00000230097,5,234.4,4.843733333333334,ME2P1
ENSG00000189058,5,236.0,4.842666666666666,APOD
ENSG00000276953,5,236.2,4.842533333333333,TRBV12-4
ENSG00000237254,5,238.0,4.841333333333333,TRBV30
ENSG00000211654,5,238.2,4.8412,IGLV5-37
ENSG00000211668,5,239.2,4.840533333333333,IGLV2-11
ENSG00000242992,5,243.2,4.837866666666667,FTH1P4
ENSG00000211734,5,243.8,4.837466666666667,TRBV5-1
ENSG00000268751,5,245.0,4.836666666666667,SCGB1B2P
ENSG00000225138,5,245.6,4.836266666666667,SLC9A3-AS1
ENSG00000167768,5,246.8,4.835466666666667,KRT1
ENSG00000241566,5,247.6,4.834933333333334,IGKV2D-24
ENSG00000130173,5,247.8,4.8348,ANGPTL8
ENSG00000012223,5,248.0,4.834666666666667,LTF
ENSG00000100448,5,250.4,4.833066666666666,CTSG
ENSG00000183747,5,251.0,4.832666666666666,ACSM2A
ENSG00000211727,5,254.8,4.830133333333333,TRBV7-6
ENSG00000159763,5,256.0,4.8293333333333335,PIP
ENSG00000243051,5,257.4,4.8284,RN7SL269P
ENSG00000204959,5,259.4,4.827066666666667,ARHGEF34P
ENSG00000237702,5,259.6,4.826933333333334,TRBV3-1
ENSG00000211857,5,260.0,4.826666666666666,TRAJ32
ENSG00000211598,5,263.4,4.8244,IGKV4-1
ENSG00000243323,5,265.4,4.823066666666667,PTPRVP
ENSG00000124935,5,266.6,4.822266666666667,SCGB1D2
ENSG00000235763,5,269.6,4.820266666666667,SNRPGP5
ENSG00000214897,5,269.6,4.820266666666667,PNMA6E
ENSG00000262406,5,269.8,4.820133333333334,MMP12
ENSG00000197632,5,270.0,4.82,SERPINB2
ENSG00000113905,5,270.8,4.819466666666667,HRG
ENSG00000081800,5,270.8,4.819466666666667,SLC13A1
ENSG00000211861,5,272.2,4.818533333333333,TRAJ28
ENSG00000211670,5,272.4,4.8184000000000005,IGLV3-9
ENSG00000106927,5,273.0,4.818,AMBP
ENSG00000096006,5,274.6,4.816933333333333,CRISP3
ENSG00000169429,5,275.8,4.816133333333333,CXCL8
ENSG00000092009,5,276.4,4.815733333333333,CMA1
ENSG00000211841,5,276.6,4.8156,TRAJ48
ENSG00000130208,5,276.6,4.8156,APOC1
ENSG00000008517,5,277.2,4.8152,IL32
ENSG00000127318,5,277.2,4.8152,IL22
ENSG00000146678,5,277.4,4.815066666666667,IGFBP1
ENSG00000211644,5,280.4,4.813066666666667,IGLV1-51
ENSG00000224490,5,283.2,4.8112,TTC21B-AS1
ENSG00000253770,5,285.4,4.809733333333333,HMGB1P23
ENSG00000125538,5,285.6,4.8096,IL1B
ENSG00000272734,5,287.6,4.8082666666666665,ADIRF-AS1
ENSG00000066813,5,288.8,4.8074666666666666,ACSM2B
ENSG00000211625,5,291.0,4.806,IGKV3D-20
ENSG00000090382,5,292.2,4.8052,LYZ
ENSG00000108342,5,293.8,4.804133333333334,CSF3
ENSG00000211821,5,294.2,4.803866666666667,TRDV2
ENSG00000211721,5,294.4,4.803733333333334,TRBV6-5
ENSG00000242860,5,296.4,4.8024,RN7SL180P
ENSG00000132465,5,297.0,4.802,JCHAIN
ENSG00000244067,5,297.2,4.801866666666666,GSTA2
ENSG00000211648,5,298.8,4.8008,IGLV1-47
ENSG00000188257,5,299.4,4.8004,PLA2G2A
ENSG00000169469,5,300.4,4.799733333333333,SPRR1B
ENSG00000169245,5,304.0,4.797333333333333,CXCL10
ENSG00000227382,5,304.4,4.797066666666667,EIF4A2P2
ENSG00000211659,5,304.4,4.797066666666667,IGLV3-25
ENSG00000285219,5,304.6,4.7969333333333335,HULC
ENSG00000236552,5,306.4,4.795733333333334,RPL13AP5
ENSG00000211660,5,306.6,4.7956,IGLV2-23
ENSG00000254346,5,310.8,4.7928,MTND1P6
ENSG00000166426,5,311.0,4.792666666666666,CRABP1
ENSG00000242853,5,314.0,4.790666666666667,RN7SL749P
ENSG00000211845,5,315.2,4.789866666666667,TRAJ44
ENSG00000165953,5,315.6,4.7896,SERPINA12
ENSG00000283063,5,318.0,4.788,TRBV6-2
ENSG00000220517,5,318.4,4.787733333333334,ASS1P1
ENSG00000257666,5,319.6,4.786933333333334,CBX3P5
ENSG00000167800,5,322.2,4.7852,TBX10
ENSG00000211716,5,322.2,4.7852,TRBV9
ENSG00000271288,5,326.4,4.7824,IGHV1OR15-3
ENSG00000174957,5,328.6,4.7809333333333335,OR5J2
ENSG00000163586,5,330.0,4.78,FABP1
ENSG00000223305,5,332.0,4.778666666666667,RN7SKP30
ENSG00000140287,5,334.6,4.776933333333333,HDC
ENSG00000211623,5,335.0,4.776666666666666,IGKV2D-26
ENSG00000142089,5,335.2,4.776533333333333,IFITM3
ENSG00000142173,5,336.2,4.7758666666666665,COL6A2
ENSG00000167434,5,336.4,4.775733333333333,CA4
ENSG00000250591,5,337.0,4.775333333333333,PRSS3P1
ENSG00000253755,5,338.4,4.7744,IGHGP
ENSG00000152583,5,339.8,4.773466666666667,SPARCL1
ENSG00000211666,5,341.0,4.772666666666667,IGLV2-14
ENSG00000149968,5,341.2,4.7725333333333335,MMP3
ENSG00000106483,5,343.4,4.771066666666667,SFRP4
ENSG00000196754,5,344.4,4.7704,S100A2
ENSG00000224607,5,345.4,4.769733333333333,IGKV1D-27
ENSG00000139988,5,345.6,4.7696,RDH12
ENSG00000100097,5,347.4,4.7684,LGALS1
ENSG00000254154,5,347.6,4.768266666666666,CRYZL2P-SEC16B
ENSG00000110799,5,347.6,4.768266666666666,VWF
ENSG00000278196,5,347.6,4.768266666666666,IGLV2-8
ENSG00000211653,5,349.8,4.7668,IGLV1-40
ENSG00000236992,5,350.6,4.766266666666667,RPL12P12
ENSG00000211945,5,352.2,4.7652,IGHV1-18
ENSG00000240160,5,352.2,4.7652,RN7SL263P
ENSG00000165553,5,354.2,4.763866666666667,NGB
ENSG00000279897,5,354.4,4.763733333333334,BIRC6-AS2
ENSG00000112116,5,354.4,4.763733333333334,IL17F
ENSG00000204542,5,355.8,4.7628,C6orf15
ENSG00000255151,5,356.4,4.7624,GLYATL1B
ENSG00000182492,5,356.8,4.762133333333333,BGN
ENSG00000125148,5,358.6,4.760933333333333,MT2A
ENSG00000270479,5,360.6,4.7596,BNIP3P37
ENSG00000168685,5,361.4,4.759066666666667,IL7R
ENSG00000211706,5,361.8,4.7588,TRBV6-1
ENSG00000239218,5,362.8,4.758133333333333,RPS20P22
ENSG00000124102,5,364.0,4.757333333333333,PI3
ENSG00000273142,5,367.4,4.755066666666667,LINC02604
ENSG00000220377,5,373.2,4.7512,GSTA8P
ENSG00000139648,5,373.6,4.750933333333333,KRT71
ENSG00000064205,5,374.0,4.750666666666667,CCN5
ENSG00000088340,5,374.6,4.750266666666667,FER1L4
ENSG00000198502,5,375.4,4.749733333333333,HLA-DRB5
ENSG00000143546,5,376.2,4.7492,S100A8
ENSG00000233603,5,376.2,4.7492,JTBP1
ENSG00000258613,5,376.6,4.7489333333333335,RPL21P7
ENSG00000178372,5,377.0,4.748666666666667,CALML5
ENSG00000237106,5,377.2,4.7485333333333335,FABP5P15
ENSG00000130300,5,378.0,4.748,PLVAP
ENSG00000116031,5,380.2,4.746533333333334,CD207
ENSG00000183444,5,380.2,4.746533333333334,OR7E38P
ENSG00000233732,5,380.8,4.746133333333333,IGHV3OR16-10
ENSG00000106341,5,380.8,4.746133333333333,PPP1R17
ENSG00000121966,5,384.4,4.743733333333333,CXCR4
ENSG00000213373,5,384.4,4.743733333333333,LINC00671
ENSG00000228232,5,386.0,4.742666666666667,GAPDHP1
ENSG00000276597,5,387.8,4.741466666666667,TRBV11-3
ENSG00000171557,5,388.4,4.741066666666667,FGG
ENSG00000211647,5,390.8,4.739466666666667,IGLV5-48
ENSG00000226660,5,391.0,4.739333333333334,TRBV2
ENSG00000112115,5,391.4,4.739066666666667,IL17A
ENSG00000211728,5,393.0,4.738,TRBV5-6
ENSG00000157766,5,394.2,4.7372,ACAN
ENSG00000260048,5,394.4,4.737066666666666,IGHV1OR16-3
ENSG00000167244,5,394.4,4.737066666666666,IGF2
ENSG00000215878,5,394.4,4.737066666666666,MARCKSL1P2
ENSG00000252620,5,399.0,4.734,RNU6ATAC24P
ENSG00000108688,5,400.8,4.7328,CCL7
ENSG00000225920,5,401.4,4.7324,RIMKLBP2
ENSG00000138207,5,401.6,4.732266666666667,RBP4
ENSG00000272752,5,404.6,4.730266666666667,STAG3L5P-PVRIG2P-PILRB
ENSG00000107317,5,406.0,4.729333333333333,PTGDS
ENSG00000237406,5,407.4,4.7284,NDUFA9P1
ENSG00000267083,5,407.8,4.728133333333333,KRT18P61
ENSG00000275132,5,409.4,4.7270666666666665,RN7SL663P
ENSG00000160862,5,409.6,4.726933333333333,AZGP1
ENSG00000145321,5,410.2,4.726533333333333,GC
ENSG00000230099,5,410.6,4.726266666666667,TRBV5-4
ENSG00000213916,5,411.0,4.726,RPL13P
ENSG00000187783,5,411.4,4.725733333333333,TMEM72
ENSG00000235330,5,411.8,4.725466666666667,RPL12P25
ENSG00000234068,5,412.0,4.725333333333333,PAGE2
ENSG00000186474,5,412.2,4.7252,KLK12
ENSG00000158869,5,412.6,4.724933333333333,FCER1G
ENSG00000100453,5,414.8,4.723466666666667,GZMB
ENSG00000233750,5,417.8,4.721466666666666,CICP27
ENSG00000153822,5,418.4,4.721066666666666,KCNJ16
ENSG00000242829,5,418.8,4.7208,RPS26P21
ENSG00000145642,5,419.0,4.720666666666666,SHISAL2B
ENSG00000203435,5,419.0,4.720666666666666,E2F3P2
ENSG00000225193,5,421.0,4.719333333333333,RPS12P26
ENSG00000207501,5,422.0,4.718666666666667,RNVU1-14
ENSG00000184113,5,422.8,4.718133333333333,CLDN5
ENSG00000211459,5,423.0,4.718,MT-RNR1
ENSG00000241120,5,423.0,4.718,HMGN1P8
ENSG00000153563,5,428.4,4.7144,CD8A
ENSG00000173110,5,430.6,4.712933333333333,HSPA6
ENSG00000186081,5,430.8,4.7128,KRT5
ENSG00000173762,5,431.4,4.7124,CD7
ENSG00000133110,5,431.4,4.7124,POSTN
ENSG00000211956,5,434.4,4.7104,IGHV4-34
ENSG00000163735,5,434.6,4.710266666666667,CXCL5
ENSG00000212743,5,436.4,4.709066666666667,LINC02656
ENSG00000255469,5,438.4,4.7077333333333335,BOLA3P1
ENSG00000213231,5,441.0,4.706,TCL1B
ENSG00000170454,5,444.4,4.703733333333333,KRT75
ENSG00000148346,5,444.6,4.7036,LCN2
ENSG00000138755,5,445.6,4.702933333333333,CXCL9
ENSG00000223416,5,446.4,4.7024,RPS26P15
ENSG00000211817,5,451.2,4.6992,TRAV38-2DV8
ENSG00000168333,5,451.4,4.699066666666667,PPDPFL
ENSG00000179571,5,452.8,4.698133333333334,NBPF17P
ENSG00000255974,5,453.4,4.697733333333334,CYP2A6
ENSG00000216588,5,454.4,4.697066666666666,IGSF23
ENSG00000196154,5,454.6,4.696933333333333,S100A4
ENSG00000230701,5,454.6,4.696933333333333,FBXW4P1
ENSG00000270986,5,455.0,4.696666666666666,HMGB1P51
ENSG00000210144,5,455.8,4.696133333333333,MT-TY
ENSG00000249840,5,456.6,4.6956,GAPDHP76
ENSG00000211679,5,457.6,4.694933333333333,IGLC3
ENSG00000113088,5,458.8,4.694133333333333,GZMK
ENSG00000272645,5,459.0,4.694,GTF2IP20
ENSG00000185640,5,459.0,4.694,KRT79
ENSG00000223525,5,459.0,4.694,RABGAP1L-IT1
ENSG00000141433,5,460.4,4.693066666666667,ADCYAP1
ENSG00000251046,5,460.8,4.6928,ZNF969P
ENSG00000243560,5,461.8,4.6921333333333335,RN7SL364P
ENSG00000211677,5,463.0,4.691333333333334,IGLC2
ENSG00000129538,5,464.0,4.690666666666667,RNASE1
ENSG00000156076,5,464.2,4.690533333333334,WIF1
ENSG00000262117,5,465.6,4.6896,BCAR4
ENSG00000117834,5,469.0,4.687333333333333,SLC5A9
ENSG00000164266,5,469.2,4.6872,SPINK1
ENSG00000111404,5,470.2,4.686533333333333,RERGL
ENSG00000096088,5,470.4,4.6864,PGC
ENSG00000176840,5,473.8,4.6841333333333335,MIR7-3HG
ENSG00000115461,5,475.0,4.683333333333334,IGFBP5
ENSG00000261649,5,475.2,4.6832,GOLGA6L7
ENSG00000231365,5,477.4,4.681733333333334,WARS2-AS1
ENSG00000211685,5,477.6,4.6816,IGLC7
ENSG00000211663,5,478.0,4.681333333333333,IGLV3-19
ENSG00000181195,5,479.6,4.680266666666666,PENK
ENSG00000198650,5,481.8,4.6788,TAT
ENSG00000104760,5,483.0,4.678,FGL1
ENSG00000180988,5,484.8,4.6768,OR52N2
ENSG00000183036,5,487.2,4.6752,PCP4
ENSG00000236804,5,489.4,4.673733333333334,RPS3AP12
ENSG00000183055,5,489.6,4.6736,FAM133CP
ENSG00000223392,5,492.0,4.672,CLDN10-AS1
ENSG00000211673,5,492.8,4.671466666666666,IGLV3-1
ENSG00000198077,5,493.4,4.6710666666666665,CYP2A7
ENSG00000160678,5,493.6,4.670933333333333,S100A1
ENSG00000270670,5,494.8,4.670133333333333,MARK2P16
ENSG00000267023,5,494.8,4.670133333333333,LRRC37A16P
ENSG00000167656,5,495.0,4.67,LY6D
ENSG00000260576,5,495.2,4.669866666666667,EIF5A2P1
ENSG00000236577,5,495.8,4.669466666666667,SNRPGP14
ENSG00000244661,5,499.4,4.667066666666667,TRBV12-1
ENSG00000163734,5,501.4,4.665733333333334,CXCL3
ENSG00000269929,5,502.6,4.664933333333333,MIRLET7A1HG
ENSG00000204628,5,504.0,4.664,RACK1
ENSG00000228168,5,504.6,4.6636,HNRNPA1P21
ENSG00000100341,5,505.0,4.663333333333333,PNPLA5
ENSG00000100721,5,505.2,4.6632,TCL1A
ENSG00000105205,5,506.6,4.662266666666667,CLC
ENSG00000172482,5,507.4,4.661733333333333,AGXT
ENSG00000239221,5,507.6,4.6616,RN7SL442P
ENSG00000142871,5,509.8,4.6601333333333335,CCN1
ENSG00000206172,5,510.6,4.6596,HBA1
ENSG00000171346,5,510.6,4.6596,KRT15
ENSG00000188536,5,510.6,4.6596,HBA2
ENSG00000138109,5,512.2,4.658533333333334,CYP2C9
ENSG00000196228,5,515.4,4.6564,SULT1C3
ENSG00000142156,5,518.2,4.654533333333333,COL6A1
ENSG00000156738,5,519.4,4.653733333333333,MS4A1
ENSG00000166211,5,520.0,4.653333333333333,SPIC
ENSG00000159251,5,520.2,4.6532,ACTC1
ENSG00000237238,5,521.4,4.6524,BMS1P10
ENSG00000109072,5,521.4,4.6524,VTN
ENSG00000169442,5,523.0,4.6513333333333335,CD52
ENSG00000289746,5,523.0,4.6513333333333335,TARP
ENSG00000124107,5,523.6,4.650933333333334,SLPI
ENSG00000124253,5,523.8,4.6508,PCK1
ENSG00000271620,5,534.8,4.643466666666667,IGHV3OR16-7
ENSG00000139219,5,535.0,4.6433333333333335,COL2A1
ENSG00000091583,5,537.8,4.641466666666667,APOH
ENSG00000225079,5,539.2,4.640533333333333,FTH1P22
ENSG00000239223,5,539.4,4.6404,RPL34P31
ENSG00000169194,5,540.4,4.639733333333333,IL13
ENSG00000101200,5,540.6,4.6396,AVP
ENSG00000161180,5,541.0,4.639333333333333,CCDC116
ENSG00000259374,5,541.2,4.6392,NDUFB4P11
ENSG00000253957,5,542.8,4.638133333333333,IGHV3-22
ENSG00000235214,5,544.2,4.6372,FAM83C-AS1
ENSG00000145649,5,546.4,4.6357333333333335,GZMA
ENSG00000223543,5,546.6,4.6356,TCEAL4P1
ENSG00000241278,5,547.6,4.634933333333334,ENPP7P4
ENSG00000185633,5,550.2,4.6332,NDUFA4L2
ENSG00000256134,5,550.4,4.633066666666666,EGLN3P1
ENSG00000108700,5,551.4,4.6324,CCL8
ENSG00000180210,5,552.2,4.631866666666666,F2
ENSG00000211713,5,552.8,4.631466666666666,TRBV6-4
ENSG00000206073,5,553.0,4.631333333333333,SERPINB4
ENSG00000206579,5,555.4,4.629733333333333,XKR4
ENSG00000242741,5,556.2,4.6292,LINC02005
ENSG00000120215,5,556.8,4.6288,MLANA
ENSG00000113492,5,558.2,4.627866666666667,AGXT2
ENSG00000270264,5,558.6,4.6276,NDUFB8P2
ENSG00000160307,5,559.0,4.6273333333333335,S100B
ENSG00000158050,5,560.6,4.626266666666667,DUSP2
ENSG00000164932,5,561.2,4.625866666666667,CTHRC1
ENSG00000169509,5,561.8,4.625466666666667,CRCT1
ENSG00000091986,5,563.2,4.624533333333333,CCDC80
ENSG00000177476,5,564.0,4.624,OR2G3
ENSG00000225770,5,565.0,4.623333333333333,RPS29P3
ENSG00000229018,5,566.8,4.622133333333333,PMS2P7
ENSG00000231579,5,567.2,4.621866666666667,RPL7P21
ENSG00000166670,5,567.2,4.621866666666667,MMP10
ENSG00000272281,5,569.0,4.620666666666667,TPTE2P2
ENSG00000231169,5,570.2,4.619866666666667,EEF1B2P1
ENSG00000272398,5,570.2,4.619866666666667,CD24
ENSG00000171223,5,572.4,4.6184,JUNB
ENSG00000080166,5,573.6,4.6176,DCT
ENSG00000164434,5,579.0,4.614,FABP7
ENSG00000237136,5,579.2,4.613866666666667,C4orf51
ENSG00000222057,5,582.2,4.611866666666667,RNU4-62P
ENSG00000238269,5,582.4,4.6117333333333335,PAGE2B
ENSG00000254233,5,582.4,4.6117333333333335,LINC02365
ENSG00000228218,5,583.0,4.6113333333333335,ATF4P3
ENSG00000010379,5,585.0,4.61,SLC6A13
ENSG00000177173,5,585.4,4.609733333333334,NAP1L4P1
ENSG00000202392,5,589.4,4.607066666666666,RN7SKP292
ENSG00000214760,5,591.0,4.606,RPL21P1
ENSG00000242100,5,593.4,4.6044,RPL9P32
ENSG00000163220,5,594.0,4.604,S100A9
ENSG00000220749,5,594.6,4.6036,RPL21P28
ENSG00000253291,5,595.6,4.6029333333333335,TRBV7-7
ENSG00000239269,5,596.4,4.6024,RPSAP4
ENSG00000201221,5,596.4,4.6024,RNU4-40P
ENSG00000283314,5,596.4,4.6024,LINC02357
ENSG00000197641,5,596.6,4.602266666666667,SERPINB13
ENSG00000259590,5,598.2,4.6012,LINC02244
ENSG00000167165,5,599.2,4.600533333333333,UGT1A6
ENSG00000185885,5,599.2,4.600533333333333,IFITM1
ENSG00000223956,5,599.6,4.600266666666666,LINC01767
ENSG00000139352,5,600.8,4.599466666666666,ASCL1
ENSG00000253590,5,601.8,4.5988,IGLV3-13
ENSG00000197838,5,602.8,4.598133333333333,CYP2A13
ENSG00000163017,5,603.8,4.597466666666667,ACTG2
ENSG00000241229,5,604.0,4.597333333333333,RN7SL443P
ENSG00000232373,5,604.8,4.5968,MTCYBP3
ENSG00000197421,5,605.4,4.5964,GGT3P
ENSG00000132855,5,605.8,4.596133333333333,ANGPTL3
ENSG00000211819,5,609.4,4.593733333333334,TRAV40
ENSG00000124875,5,609.8,4.593466666666667,CXCL6
ENSG00000263639,5,611.8,4.592133333333333,MSMB
ENSG00000205358,5,615.8,4.589466666666667,MT1H
ENSG00000230937,5,616.4,4.589066666666667,MIR205HG
ENSG00000225693,5,616.6,4.588933333333333,LAGE3P1
ENSG00000261949,5,616.8,4.5888,GFY
ENSG00000256826,5,617.8,4.588133333333333,ATP5MFP4
ENSG00000177822,5,618.4,4.587733333333333,TENM3-AS1
ENSG00000251237,5,619.2,4.5872,B3GNTL1P1
ENSG00000172023,5,619.2,4.5872,REG1B
ENSG00000228146,5,620.6,4.586266666666667,CASP16P
ENSG00000077984,5,625.0,4.583333333333333,CST7
ENSG00000122786,5,625.4,4.583066666666666,CALD1
ENSG00000047457,5,626.2,4.582533333333333,CP
ENSG00000263934,5,626.6,4.5822666666666665,SNORD3A
ENSG00000256667,5,630.4,4.579733333333333,KLRA1P
ENSG00000258640,5,630.4,4.579733333333333,RPL21P5
ENSG00000111046,5,631.2,4.5792,MYF6
ENSG00000211739,5,631.4,4.579066666666667,TRBV12-2
ENSG00000026025,5,632.8,4.578133333333334,VIM
ENSG00000186832,5,633.2,4.577866666666667,KRT16
ENSG00000137673,5,633.2,4.577866666666667,MMP7
ENSG00000229456,5,633.4,4.577733333333334,RLIMP1
ENSG00000240616,5,634.4,4.577066666666667,RPS6P25
ENSG00000266946,5,635.0,4.576666666666666,MRPL37P1
ENSG00000275014,5,635.8,4.576133333333333,RN7SL166P
ENSG00000186038,5,636.2,4.575866666666666,HTR3E
ENSG00000102265,5,637.0,4.575333333333333,TIMP1
ENSG00000233093,5,638.2,4.574533333333333,LINC00892
ENSG00000268471,5,639.0,4.574,MIR4453HG
ENSG00000214198,5,639.6,4.5736,TTC41P
ENSG00000233041,5,640.0,4.573333333333333,PHGR1
ENSG00000270863,5,640.4,4.573066666666667,DDX55P1
ENSG00000007908,5,642.0,4.572,SELE
ENSG00000185479,5,642.8,4.571466666666667,KRT6B
ENSG00000108691,5,643.6,4.5709333333333335,CCL2
ENSG00000106624,5,644.0,4.570666666666667,AEBP1
ENSG00000271710,5,645.2,4.569866666666667,NDUFA8P1
ENSG00000211804,5,649.2,4.5672,TRDV1
ENSG00000250432,5,650.8,4.566133333333333,FAM242C
ENSG00000205426,5,652.2,4.5652,KRT81
ENSG00000147231,5,652.4,4.565066666666667,RADX
ENSG00000261556,5,653.0,4.564666666666667,SMG1P7
ENSG00000254876,5,653.4,4.5644,SUGT1P4-STRA6LP
ENSG00000241458,5,655.0,4.5633333333333335,RPL7P19
ENSG00000183395,5,655.6,4.5629333333333335,PMCH
ENSG00000159516,5,658.6,4.560933333333334,SPRR2G
ENSG00000268785,5,660.2,4.559866666666666,RPL7P50
ENSG00000184068,5,661.0,4.559333333333333,SREBF2-AS1
ENSG00000244321,5,662.2,4.558533333333333,LINC01326
ENSG00000283698,5,662.6,4.5582666666666665,VINAC1P
ENSG00000205279,5,662.6,4.5582666666666665,CTXN3
ENSG00000229384,5,663.2,4.5578666666666665,HMGB1P16
ENSG00000203804,5,665.0,4.556666666666667,ADAMTSL4-AS1
ENSG00000233158,5,665.2,4.556533333333333,RPS24P6
ENSG00000211800,5,666.0,4.556,TRAV20
ENSG00000166569,5,666.4,4.555733333333333,CPLX4
ENSG00000102837,5,667.4,4.555066666666667,OLFM4
ENSG00000241959,5,667.8,4.5548,RN7SL76P
ENSG00000233040,5,669.6,4.5536,FAM204BP
ENSG00000148677,5,670.4,4.553066666666667,ANKRD1
ENSG00000231625,5,671.8,4.552133333333334,SLC47A1P2
ENSG00000241112,5,671.8,4.552133333333334,RPL29P14
ENSG00000260452,5,673.0,4.551333333333333,TPRKBP2
ENSG00000101335,5,673.2,4.5512,MYL9
ENSG00000211885,5,674.2,4.550533333333333,TRAJ4
ENSG00000106538,5,677.4,4.5484,RARRES2
ENSG00000057149,5,678.4,4.547733333333333,SERPINB3
ENSG00000201492,5,679.4,4.547066666666667,RNA5SP78
ENSG00000196616,5,681.0,4.546,ADH1B
ENSG00000269911,5,683.4,4.5444,FAM226B
ENSG00000253481,5,684.6,4.5436,IGKV1OR22-1
ENSG00000215223,5,684.8,4.543466666666666,CYP51A1P3
ENSG00000271178,5,685.2,4.5432,IGHV3OR16-13
ENSG00000132703,5,685.4,4.543066666666666,APCS
ENSG00000239183,5,687.2,4.5418666666666665,SNORA84
ENSG00000211789,5,687.4,4.541733333333333,TRAV12-2
ENSG00000162753,5,689.2,4.540533333333333,SLC9C2
ENSG00000228382,5,689.6,4.540266666666667,ITPKB-IT1
ENSG00000129437,5,691.4,4.539066666666667,KLK14
ENSG00000236519,5,692.0,4.538666666666667,LINC01424
ENSG00000212961,5,692.2,4.5385333333333335,HNRNPA1P40
ENSG00000075388,5,694.0,4.537333333333334,FGF4
ENSG00000211801,5,694.4,4.537066666666667,TRAV21
ENSG00000278416,5,696.0,4.536,PMS2P2
ENSG00000133048,5,696.4,4.535733333333333,CHI3L1
ENSG00000177984,5,699.0,4.534,LCN15
ENSG00000217643,5,700.6,4.532933333333333,PTGES3P2
ENSG00000130234,5,702.4,4.531733333333333,ACE2
ENSG00000240583,5,704.8,4.530133333333334,AQP1
ENSG00000126233,5,705.0,4.53,SLURP1
ENSG00000253188,5,705.6,4.5296,TRBV6-7
ENSG00000124882,5,705.8,4.529466666666667,EREG
ENSG00000239884,5,706.0,4.529333333333334,RN7SL608P
ENSG00000231292,5,706.6,4.528933333333334,IGKV1OR2-108
ENSG00000232022,5,707.2,4.528533333333334,FAAHP1
ENSG00000253741,5,708.0,4.5280000000000005,LNCOC1
ENSG00000129965,5,708.4,4.527733333333333,INS-IGF2
ENSG00000090104,5,709.0,4.527333333333333,RGS1
ENSG00000105141,5,709.4,4.527066666666666,CASP14
ENSG00000202515,5,713.4,4.5244,VTRNA1-3
ENSG00000226516,5,714.6,4.5236,FAM138B
ENSG00000230663,5,715.4,4.523066666666667,FAM224B
ENSG00000163359,5,716.0,4.522666666666667,COL6A3
ENSG00000171209,5,716.2,4.5225333333333335,CSN3
ENSG00000164530,5,716.6,4.522266666666667,PI16
ENSG00000172478,5,717.8,4.521466666666667,MAB21L4
ENSG00000240489,5,718.4,4.521066666666667,SETP14
ENSG00000282625,5,718.4,4.521066666666667,MRPL57P8
ENSG00000107796,5,718.6,4.520933333333334,ACTA2
ENSG00000225215,5,719.4,4.5204,SMARCE1P1
ENSG00000243609,5,722.6,4.518266666666666,RPS2P44
ENSG00000243370,5,722.8,4.518133333333333,RN7SL775P
ENSG00000081041,5,723.8,4.5174666666666665,CXCL2
ENSG00000105370,5,724.4,4.517066666666667,LIM2
ENSG00000244378,5,725.6,4.516266666666667,RPS2P45
ENSG00000158104,5,731.2,4.512533333333334,HPD
ENSG00000171560,5,731.6,4.512266666666667,FGA
ENSG00000253421,5,732.4,4.511733333333334,ZNHIT1P1
ENSG00000087245,5,735.0,4.51,MMP2
ENSG00000227525,5,735.4,4.509733333333333,RPL7P6
ENSG00000206633,5,735.8,4.5094666666666665,SNORA80B
ENSG00000239577,5,736.8,4.5088,RN7SL388P
ENSG00000243227,5,737.8,4.508133333333333,RN7SL55P
ENSG00000227177,5,738.0,4.508,AIMP1P2
ENSG00000211813,5,739.0,4.507333333333333,TRAV34
ENSG00000135218,5,739.2,4.5072,CD36
ENSG00000217026,5,742.0,4.505333333333334,RPL10P1
ENSG00000223922,5,744.0,4.504,ASS1P2
ENSG00000234899,5,744.8,4.503466666666666,SOX9-AS1
ENSG00000231035,5,745.2,4.5032,RPL7L1P9
ENSG00000223756,5,745.2,4.5032,TSSC2
ENSG00000213700,5,745.6,4.502933333333333,RPL17P50
ENSG00000231304,5,747.0,4.502,SGO1-AS1
ENSG00000227507,5,748.8,4.5008,LTB
ENSG00000234274,5,749.6,4.500266666666667,COX7BP2
ENSG00000124172,5,751.6,4.4989333333333335,ATP5F1E
ENSG00000211640,5,751.8,4.4988,IGLV6-57
ENSG00000286095,5,752.2,4.4985333333333335,SPEGNB
ENSG00000244588,5,752.8,4.4981333333333335,RAD21L1
ENSG00000222037,5,756.4,4.495733333333334,IGLC6
ENSG00000251056,5,756.8,4.495466666666667,ANKRD20A17P
ENSG00000224822,5,761.6,4.492266666666667,THRB-IT1
ENSG00000250569,5,762.2,4.491866666666667,NTAN1P2
ENSG00000215580,5,762.4,4.491733333333333,BCORP1
ENSG00000236333,5,763.2,4.4912,TRHDE-AS1
ENSG00000196668,5,765.4,4.489733333333334,LINC00173
ENSG00000267123,5,768.8,4.487466666666666,SCAT1
ENSG00000217767,5,769.0,4.487333333333333,NDUFAB1P1
ENSG00000185559,5,769.0,4.487333333333333,DLK1
ENSG00000079689,5,769.6,4.486933333333333,SCGN
ENSG00000241233,5,770.6,4.486266666666666,KRTAP5-8
ENSG00000257242,5,771.8,4.4854666666666665,LINC01619
ENSG00000231940,5,774.2,4.483866666666667,RPS7P3
ENSG00000228939,5,774.8,4.483466666666667,AKT3-IT1
ENSG00000136688,5,775.2,4.4832,IL36G
ENSG00000168703,5,777.4,4.481733333333334,WFDC12
ENSG00000259527,5,779.0,4.480666666666667,LINC00052
ENSG00000201028,5,779.4,4.4804,RNU6-151P
ENSG00000253409,5,781.4,4.479066666666666,TRBV7-4
ENSG00000105664,5,784.8,4.4768,COMP
ENSG00000259517,5,784.8,4.4768,LINC02169
ENSG00000239263,5,787.4,4.475066666666667,RBM43P1
ENSG00000143184,5,787.8,4.4748,XCL1
ENSG00000222162,5,788.4,4.4744,RN7SKP151
ENSG00000211816,5,789.4,4.473733333333334,TRAV38-1
ENSG00000248278,5,789.6,4.4736,SUMO2P17
ENSG00000255987,5,790.2,4.4732,TOMM20P2
ENSG00000164900,5,790.2,4.4732,GBX1
ENSG00000165828,5,792.4,4.471733333333333,PRAP1
ENSG00000152779,5,792.6,4.4716000000000005,SLC16A12
ENSG00000258116,5,792.6,4.4716000000000005,PPIAP45
ENSG00000225192,5,795.6,4.4696,ZNF33BP1
ENSG00000250959,5,795.8,4.4694666666666665,GLUD1P3
ENSG00000149124,5,797.2,4.468533333333333,GLYAT
ENSG00000248846,5,797.2,4.468533333333333,LINC02065
ENSG00000232837,5,798.6,4.4676,LINC01700
ENSG00000223784,5,799.2,4.4672,LINP1
ENSG00000163739,5,799.2,4.4672,CXCL1
ENSG00000181215,5,799.8,4.4668,C4orf50
ENSG00000203876,5,800.4,4.4664,ADD3-AS1
ENSG00000141753,5,801.0,4.466,IGFBP4
ENSG00000281560,5,802.4,4.465066666666667,LSINCT5
ENSG00000133639,5,806.8,4.462133333333333,BTG1
ENSG00000211794,5,809.4,4.4604,TRAV12-3
ENSG00000121742,5,809.6,4.460266666666667,GJB6
ENSG00000234882,5,812.4,4.4584,EIF3EP1
ENSG00000242640,5,814.0,4.457333333333334,RPS29P11
ENSG00000100253,5,816.0,4.456,MIOX
ENSG00000255409,5,816.6,4.4556,RSF1-IT1
ENSG00000109851,5,817.2,4.4552,DBX1
ENSG00000172156,5,817.8,4.4548,CCL11
ENSG00000280953,5,818.6,4.454266666666666,LINC01163
ENSG00000184374,5,818.8,4.454133333333333,COLEC10
ENSG00000240718,5,819.6,4.4536,RN7SL851P
ENSG00000271215,5,820.8,4.4528,RPL21P136
ENSG00000204472,5,821.6,4.452266666666667,AIF1
ENSG00000128016,5,822.2,4.451866666666667,ZFP36
ENSG00000240877,5,822.8,4.451466666666667,RN7SL521P
ENSG00000229056,5,823.0,4.451333333333333,HECW2-AS1
ENSG00000069206,5,824.2,4.4505333333333335,ADAM7
ENSG00000211792,5,824.6,4.450266666666667,TRAV14DV4
ENSG00000230789,5,824.6,4.450266666666667,ARHGAP26-IT1
ENSG00000158477,5,825.0,4.45,CD1A
ENSG00000181778,5,826.4,4.449066666666667,TMEM252
ENSG00000254843,5,826.6,4.448933333333334,XIAPP2
ENSG00000135226,5,827.8,4.448133333333334,UGT2B28
ENSG00000198851,5,829.0,4.447333333333333,CD3E
ENSG00000203414,5,830.0,4.446666666666666,BTBD7P1
ENSG00000259092,5,830.4,4.4464,TRAV30
ENSG00000225712,5,831.0,4.446,ATP5MC2P1
ENSG00000230945,5,832.4,4.4450666666666665,LINC01507
ENSG00000233266,5,833.4,4.4444,HMGB1P31
ENSG00000170290,5,834.6,4.4436,SLN
ENSG00000213937,5,836.4,4.4424,CLDN9
ENSG00000161912,5,836.6,4.442266666666667,ADCY10P1
ENSG00000169903,5,836.8,4.4421333333333335,TM4SF4
ENSG00000133169,5,837.4,4.4417333333333335,BEX1
ENSG00000255200,5,838.6,4.440933333333334,PGAM1P8
ENSG00000148136,5,838.6,4.440933333333334,OR13C4
ENSG00000207208,5,839.6,4.440266666666667,RNU6-790P
ENSG00000167524,5,841.2,4.4392,RSKR
ENSG00000160181,5,842.0,4.438666666666666,TFF2
ENSG00000254709,5,842.2,4.438533333333333,IGLL5
ENSG00000230673,5,842.8,4.438133333333333,PABPC1P3
ENSG00000224019,5,843.0,4.438,RPL21P32
ENSG00000274012,5,843.6,4.4376,RN7SL2
ENSG00000150244,5,846.2,4.435866666666667,TRIM48
ENSG00000214223,5,848.0,4.434666666666667,HNRNPA1P10
ENSG00000232928,5,851.6,4.432266666666667,DDX3P1
ENSG00000095794,5,851.6,4.432266666666667,CREM
ENSG00000169393,5,852.0,4.432,ELSPBP1
ENSG00000237560,5,853.6,4.430933333333333,LINC01497
ENSG00000211777,5,853.6,4.430933333333333,TRAV3
ENSG00000283683,5,854.4,4.4304,MYOCOS
ENSG00000126545,5,855.0,4.43,CSN1S1
ENSG00000132437,5,855.6,4.4296,DDC
ENSG00000171564,5,856.0,4.429333333333333,FGB
ENSG00000271278,5,856.4,4.4290666666666665,ELOCP33
ENSG00000249119,5,857.0,4.4286666666666665,MTND6P4
ENSG00000225523,5,858.0,4.428,IGKV6D-21
ENSG00000229473,5,858.6,4.4276,RGS17P1
ENSG00000165682,5,858.6,4.4276,CLEC1B
ENSG00000133624,5,859.2,4.4272,ZNF767P
ENSG00000231793,5,862.8,4.4248,DOC2GP
ENSG00000089116,5,863.0,4.424666666666667,LHX5
ENSG00000235084,5,863.8,4.424133333333334,CHCHD2P6
ENSG00000163464,5,864.4,4.423733333333333,CXCR1
ENSG00000123689,5,864.6,4.4236,G0S2
ENSG00000222810,5,865.6,4.422933333333333,RNU2-68P
ENSG00000227071,5,867.8,4.421466666666666,FOCAD-AS1
ENSG00000215771,5,868.6,4.420933333333333,LRRC37A14P
ENSG00000165646,5,869.6,4.420266666666667,SLC18A2
ENSG00000239039,5,870.6,4.4196,SNORD13
ENSG00000143387,5,873.0,4.418,CTSK
ENSG00000267676,5,873.4,4.4177333333333335,THA1P
ENSG00000189001,5,873.6,4.4176,SBSN
ENSG00000235613,5,874.2,4.4172,NSRP1P1
ENSG00000196091,5,875.6,4.416266666666667,MYBPC1
ENSG00000129988,5,877.2,4.4152000000000005,LBP
ENSG00000169900,5,878.0,4.414666666666666,PYDC1
ENSG00000106178,5,879.2,4.413866666666666,CCL24
ENSG00000134827,5,880.4,4.4130666666666665,TCN1
ENSG00000167755,5,880.4,4.4130666666666665,KLK6
ENSG00000235141,5,880.6,4.412933333333333,COX6CP17
ENSG00000115361,5,881.2,4.412533333333333,ACADL
ENSG00000268066,5,883.0,4.411333333333333,FMR1-AS1
ENSG00000171101,5,884.2,4.410533333333333,SIGLEC17P
ENSG00000235385,5,884.8,4.4101333333333335,LINC02154
ENSG00000228278,5,886.2,4.4092,ORM2
ENSG00000202538,5,887.0,4.408666666666667,RNU4-2
ENSG00000225171,5,888.2,4.407866666666667,DUTP6
ENSG00000236646,5,888.6,4.4076,LAMTOR5P1
ENSG00000101292,5,891.6,4.4056,PROKR2
ENSG00000268964,5,892.2,4.4052,ERVV-2
ENSG00000248698,5,893.0,4.4046666666666665,LINC01085
ENSG00000252311,5,894.8,4.403466666666667,RNU1-103P
ENSG00000175426,5,895.6,4.402933333333333,PCSK1
ENSG00000196260,5,896.8,4.4021333333333335,SFTA2
ENSG00000137251,5,897.2,4.401866666666667,TINAG
ENSG00000124205,5,897.4,4.4017333333333335,EDN3
ENSG00000152518,5,897.8,4.401466666666667,ZFP36L2
ENSG00000184423,5,898.0,4.4013333333333335,RPL23AP38
ENSG00000232044,5,898.8,4.4008,SILC1
ENSG00000128438,5,902.8,4.398133333333333,TBC1D27P
ENSG00000211829,5,903.4,4.397733333333333,TRDC
ENSG00000242889,5,903.6,4.3976,RN7SL449P
ENSG00000211788,5,903.6,4.3976,TRAV13-1
ENSG00000199325,5,904.6,4.396933333333333,RNU4-39P
ENSG00000255569,5,904.6,4.396933333333333,TRAV1-1
ENSG00000243911,5,905.8,4.396133333333333,RN7SL430P
ENSG00000110203,5,906.2,4.395866666666667,FOLR3
ENSG00000222383,5,906.4,4.395733333333333,RNA5SP203
ENSG00000111057,5,907.8,4.3948,KRT18
ENSG00000226721,5,908.2,4.394533333333333,EEF1DP2
ENSG00000140465,5,909.2,4.393866666666667,CYP1A1
ENSG00000241983,5,910.4,4.393066666666667,RN7SL566P
ENSG00000270472,5,911.2,4.392533333333334,IGHV3OR16-9
ENSG00000228253,5,912.0,4.392,MT-ATP8
ENSG00000237840,5,912.6,4.3916,FAM21FP
ENSG00000204262,5,914.2,4.390533333333333,COL5A2
ENSG00000213411,5,914.4,4.3904,RBM22P2
ENSG00000263590,5,915.2,4.389866666666666,LINC02591
ENSG00000106541,5,916.4,4.389066666666666,AGR2
ENSG00000228492,5,917.6,4.3882666666666665,RAB11FIP1P1
ENSG00000282308,5,917.8,4.388133333333333,DPRXP3
ENSG00000164283,5,917.8,4.388133333333333,ESM1
ENSG00000243650,5,918.2,4.387866666666667,RN7SL834P
ENSG00000221971,5,918.4,4.387733333333333,TTC4P1
ENSG00000258872,5,918.4,4.387733333333333,FDPSP3
ENSG00000227560,5,919.2,4.3872,RPS15AP30
ENSG00000235812,5,920.4,4.3864,ADAM21P1
ENSG00000211793,5,922.2,4.3852,TRAV9-2
ENSG00000147113,5,922.4,4.385066666666667,DIPK2B
ENSG00000162344,5,924.6,4.3836,FGF19
ENSG00000239440,5,925.4,4.383066666666666,LINC02008
ENSG00000166589,5,926.0,4.382666666666667,CDH16
ENSG00000222872,5,927.0,4.382,RNU4-78P
ENSG00000100234,5,929.2,4.380533333333333,TIMP3
ENSG00000233690,5,932.2,4.378533333333333,EBAG9P1
ENSG00000239201,5,932.6,4.378266666666667,RPL21P106
ENSG00000181273,5,933.0,4.378,OR5AK2
ENSG00000200156,5,933.4,4.3777333333333335,RNU5B-1
ENSG00000250474,5,934.8,4.3768,WBP1LP2
ENSG00000215105,5,935.2,4.376533333333334,TTC3P1
ENSG00000133063,5,940.8,4.3728,CHIT1
ENSG00000129152,5,942.6,4.3716,MYOD1
ENSG00000269834,5,945.2,4.369866666666667,ZNF528-AS1
ENSG00000239122,5,945.6,4.3696,RNU2-11P
ENSG00000135480,5,945.6,4.3696,KRT7
ENSG00000083097,5,949.4,4.367066666666666,DOP1A
ENSG00000223396,5,951.2,4.365866666666666,RPS10P7
ENSG00000116824,5,953.4,4.3644,CD2
ENSG00000185986,5,954.4,4.363733333333333,SDHAP3
ENSG00000211944,5,956.0,4.362666666666667,IGHV3-16
ENSG00000120129,5,956.8,4.362133333333333,DUSP1
ENSG00000175899,5,957.2,4.361866666666667,A2M
ENSG00000250827,5,958.2,4.3612,MFSD4BP1
ENSG00000109205,5,962.6,4.358266666666666,ODAM
ENSG00000133800,5,962.6,4.358266666666666,LYVE1
ENSG00000198467,5,963.8,4.357466666666666,TPM2
ENSG00000204936,5,964.6,4.356933333333333,CD177
ENSG00000274925,5,965.6,4.3562666666666665,ZKSCAN2-DT
ENSG00000100985,5,966.0,4.356,MMP9
ENSG00000223724,5,967.0,4.355333333333333,RAD17P2
ENSG00000214176,5,967.2,4.3552,PLEKHM1P1
ENSG00000170442,5,967.2,4.3552,KRT86
ENSG00000239453,5,968.8,4.354133333333333,SIDT1-AS1
ENSG00000167754,5,969.0,4.354,KLK5
ENSG00000265684,5,969.0,4.354,RN7SL378P
ENSG00000164485,5,971.4,4.3524,IL22RA2
ENSG00000211810,5,972.8,4.351466666666667,TRAV29DV5
ENSG00000227376,5,973.2,4.3512,FTH1P16
ENSG00000257818,5,973.4,4.351066666666666,C1GALT1P1
ENSG00000163209,5,974.2,4.350533333333333,SPRR3
ENSG00000163501,5,975.6,4.3496,IHH
ENSG00000185674,5,976.6,4.348933333333333,LYG2
ENSG00000038427,5,977.0,4.3486666666666665,VCAN
ENSG00000211657,5,979.4,4.347066666666667,IGLV3-32
ENSG00000179796,5,979.8,4.3468,LRRC3B
ENSG00000242876,5,981.0,4.346,RN7SL812P
ENSG00000118271,5,981.6,4.3456,TTR
ENSG00000130066,5,983.0,4.344666666666667,SAT1
ENSG00000175084,5,983.2,4.344533333333334,DES
ENSG00000231503,5,985.2,4.3432,PTMAP4
ENSG00000199377,5,985.6,4.342933333333333,RNU5F-1
ENSG00000115009,5,986.4,4.3424,CCL20
ENSG00000102854,5,986.8,4.342133333333333,MSLN
ENSG00000117215,5,987.6,4.3416,PLA2G2D
ENSG00000283709,5,989.8,4.340133333333333,FAM238C
ENSG00000230481,5,991.8,4.3388,IGKV1OR22-5
ENSG00000230257,5,991.8,4.3388,NFE4
ENSG00000125872,5,995.4,4.3364,LRRN4
ENSG00000272533,5,995.8,4.336133333333334,SNORA28
ENSG00000135919,5,997.4,4.335066666666667,SERPINE2
ENSG00000169908,5,997.4,4.335066666666667,TM4SF1
ENSG00000259660,5,998.2,4.334533333333333,DNM1P47
ENSG00000214326,5,999.4,4.333733333333333,RPL31P1
ENSG00000120885,5,1000.2,4.3332,CLU
ENSG00000179676,5,1001.8,4.332133333333333,LINC00305
ENSG00000235029,5,1002.2,4.3318666666666665,MNX1-AS2
ENSG00000165716,5,1002.8,4.331466666666667,DIPK1B
ENSG00000177606,5,1005.4,4.329733333333333,JUN
ENSG00000224680,5,1006.4,4.329066666666667,PLA2G12AP1
ENSG00000176919,5,1006.8,4.3288,C8G
ENSG00000225569,5,1010.2,4.326533333333334,CCT4P2
ENSG00000140950,5,1010.8,4.326133333333333,MEAK7
ENSG00000148671,5,1011.6,4.3256,ADIRF
ENSG00000130287,5,1013.8,4.324133333333333,NCAN
ENSG00000163914,5,1014.2,4.3238666666666665,RHO
ENSG00000185710,5,1014.4,4.323733333333333,SMG1P4
ENSG00000239830,5,1014.8,4.323466666666667,RPS4XP22
ENSG00000105369,5,1015.0,4.323333333333333,CD79A
ENSG00000177590,5,1016.8,4.322133333333333,GIMAP3P
ENSG00000231711,5,1017.6,4.3216,LINC00899
ENSG00000162444,5,1018.6,4.3209333333333335,RBP7
ENSG00000170421,5,1019.0,4.320666666666667,KRT8
ENSG00000115008,5,1022.8,4.318133333333334,IL1A
ENSG00000219433,5,1023.4,4.317733333333333,BTBD10P2
ENSG00000270356,5,1027.0,4.315333333333333,IGHV1OR15-4
ENSG00000234709,5,1028.0,4.314666666666667,UPF3AP3
ENSG00000258608,5,1028.4,4.3144,DNAJC19P9
ENSG00000105825,5,1030.6,4.3129333333333335,TFPI2
ENSG00000255763,5,1033.6,4.310933333333334,MRPS18CP4
ENSG00000215548,5,1033.6,4.310933333333334,FRG1JP
ENSG00000285122,5,1034.8,4.310133333333333,PIGY-DT
ENSG00000083782,5,1036.8,4.3088,EPYC
ENSG00000235437,5,1039.8,4.3068,LINC01278
ENSG00000292372,5,1041.2,4.305866666666667,WASH6P
ENSG00000255014,5,1041.2,4.305866666666667,ARL6IP1P3
ENSG00000262759,5,1043.6,4.304266666666667,MRPS21P9
ENSG00000245849,5,1043.8,4.304133333333334,RAD51-AS1
ENSG00000248568,5,1044.8,4.303466666666667,KRT8P48
ENSG00000224598,5,1045.0,4.303333333333334,RPS5P2
ENSG00000085265,5,1045.4,4.303066666666666,FCN1
ENSG00000234176,5,1046.0,4.302666666666667,HSPA8P1
ENSG00000163395,5,1047.0,4.302,IGFN1
ENSG00000243955,5,1047.8,4.301466666666666,GSTA1
ENSG00000259535,5,1049.0,4.300666666666666,RPL21P12
ENSG00000211812,5,1049.6,4.3002666666666665,TRAV26-2
ENSG00000239797,5,1050.2,4.2998666666666665,RPL21P39
ENSG00000165810,5,1051.2,4.2992,BTNL9
ENSG00000091513,5,1052.2,4.298533333333333,TF
ENSG00000136929,5,1055.6,4.296266666666667,HEMGN
ENSG00000263955,5,1058.0,4.294666666666666,RN7SL850P
ENSG00000248180,5,1059.0,4.2940000000000005,GAPDHP60
ENSG00000254166,5,1059.8,4.293466666666666,CASC19
ENSG00000188100,5,1060.0,4.293333333333333,FAM25A
ENSG00000211809,5,1060.4,4.293066666666666,TRAV27
ENSG00000110848,5,1062.2,4.2918666666666665,CD69
ENSG00000267959,5,1062.8,4.2914666666666665,MIR3188
ENSG00000182600,5,1063.6,4.290933333333333,SNORC
ENSG00000134444,5,1065.8,4.289466666666667,RELCH
ENSG00000244301,5,1067.8,4.288133333333334,AOX3P
ENSG00000186827,5,1071.0,4.286,TNFRSF4
ENSG00000213759,5,1074.0,4.284,UGT2B11
ENSG00000204025,5,1077.2,4.281866666666667,TRPC5OS
ENSG00000139540,5,1078.0,4.281333333333333,SLC39A5
ENSG00000125337,5,1079.8,4.280133333333334,KIF25
ENSG00000226498,5,1080.2,4.279866666666667,RPSAP21
ENSG00000060718,5,1080.8,4.279466666666667,COL11A1
ENSG00000213950,5,1080.8,4.279466666666667,RPS10P2
ENSG00000256039,5,1083.6,4.2776,LINC02446
ENSG00000107562,5,1086.0,4.276,CXCL12
ENSG00000239917,5,1086.8,4.2754666666666665,RPS10P16
ENSG00000231799,5,1087.2,4.2752,PA2G4P6
ENSG00000244229,5,1087.8,4.2748,RPL26P35
ENSG00000187498,5,1088.6,4.274266666666667,COL4A1
ENSG00000231884,5,1089.4,4.273733333333333,NDUFB1P1
ENSG00000196188,5,1090.2,4.2732,CTSE
ENSG00000236337,5,1091.8,4.272133333333334,FMR1-IT1
ENSG00000224958,5,1092.4,4.271733333333334,PGM5-AS1
ENSG00000232472,5,1096.8,4.2688,EEF1B2P3
ENSG00000221817,5,1098.2,4.2678666666666665,PPP3CB-AS1
ENSG00000224568,5,1100.0,4.266666666666667,LINC01886
ENSG00000239247,5,1101.2,4.265866666666667,RN7SL589P
ENSG00000229152,5,1101.2,4.265866666666667,ANKRD10-IT1
ENSG00000211782,5,1101.6,4.2656,TRAV8-1
ENSG00000207392,5,1101.6,4.2656,SNORA20
ENSG00000182326,5,1102.2,4.2652,C1S
ENSG00000264041,5,1106.2,4.262533333333334,RN7SL670P
ENSG00000254902,5,1106.4,4.2624,ANO1-AS1
ENSG00000169248,5,1110.8,4.2594666666666665,CXCL11
ENSG00000242193,5,1112.4,4.2584,CRYZL2P
ENSG00000135046,5,1112.8,4.258133333333333,ANXA1
ENSG00000100604,5,1116.4,4.255733333333334,CHGA
ENSG00000010282,5,1119.0,4.254,HHATL
ENSG00000228219,5,1119.4,4.253733333333333,NPM1P30
ENSG00000142748,5,1119.4,4.253733333333333,FCN3
ENSG00000170054,5,1123.0,4.251333333333333,SERPINA9
ENSG00000268940,5,1124.0,4.250666666666667,CT45A1
ENSG00000205534,5,1125.6,4.2496,SMG1P2
ENSG00000149716,5,1131.4,4.245733333333333,LTO1
ENSG00000279082,5,1131.8,4.245466666666667,LINC01727
ENSG00000101443,5,1134.2,4.2438666666666665,WFDC2
ENSG00000281344,5,1134.4,4.243733333333333,HELLPAR
ENSG00000238263,5,1135.2,4.2432,RPL21P88
ENSG00000264862,5,1139.2,4.2405333333333335,RN7SL45P
ENSG00000186481,5,1139.4,4.2404,ANKRD20A5P
ENSG00000143185,5,1140.0,4.24,XCL2
ENSG00000146039,5,1141.6,4.238933333333334,SLC17A4
ENSG00000080293,5,1143.2,4.237866666666667,SCTR
ENSG00000116690,5,1143.8,4.237466666666666,PRG4
ENSG00000211784,5,1147.4,4.2350666666666665,TRAV10
ENSG00000209082,5,1147.6,4.234933333333333,MT-TL1
ENSG00000245532,5,1150.2,4.2332,NEAT1
ENSG00000231849,5,1150.2,4.2332,UBE2V2P4
ENSG00000266075,5,1151.6,4.232266666666667,RN7SL574P
ENSG00000229654,5,1152.6,4.2316,LINC02526
ENSG00000115602,5,1153.0,4.231333333333334,IL1RL1
ENSG00000110243,5,1153.0,4.231333333333334,APOA5
ENSG00000211797,5,1153.4,4.231066666666667,TRAV17
ENSG00000229753,5,1154.2,4.230533333333334,RPS27AP15
ENSG00000106819,5,1154.2,4.230533333333334,ASPN
ENSG00000259303,5,1156.8,4.2288,IGHV2OR16-5
ENSG00000166920,5,1156.8,4.2288,C15orf48
ENSG00000125730,5,1164.6,4.2236,C3
ENSG00000255262,5,1167.4,4.221733333333333,ELOBP2
ENSG00000229054,5,1168.2,4.2212,RPS29P14
ENSG00000111796,5,1169.2,4.220533333333333,KLRB1
ENSG00000175793,5,1169.8,4.220133333333333,SFN
ENSG00000241942,5,1172.2,4.218533333333333,RPS20P20
ENSG00000213693,5,1172.4,4.2184,SEC14L1P1
ENSG00000211803,5,1173.8,4.217466666666667,TRAV23DV6
ENSG00000260229,5,1176.8,4.215466666666667,PPIAP51
ENSG00000205542,5,1177.2,4.2152,TMSB4X
ENSG00000211790,5,1177.4,4.215066666666667,TRAV8-4
ENSG00000285972,5,1178.2,4.214533333333334,CERNA2
ENSG00000232888,5,1179.6,4.2136,RPS11P5
ENSG00000176435,5,1181.8,4.212133333333333,CLEC14A
ENSG00000163221,5,1183.8,4.2108,S100A12
ENSG00000106211,5,1186.6,4.208933333333333,HSPB1
ENSG00000251667,5,1188.8,4.207466666666667,BRCC3P1
ENSG00000134873,5,1189.6,4.206933333333334,CLDN10
ENSG00000242060,5,1194.0,4.204,RPS3AP49
ENSG00000238063,5,1196.0,4.2026666666666666,LINC01685
ENSG00000165204,5,1196.4,4.2024,OR1K1
ENSG00000123500,5,1198.6,4.200933333333333,COL10A1
ENSG00000267757,5,1202.6,4.198266666666667,EML2-AS1
ENSG00000211772,5,1202.8,4.198133333333334,TRBC2
ENSG00000214465,5,1204.8,4.1968,SMARCE1P6
ENSG00000017427,5,1206.2,4.195866666666666,IGF1
ENSG00000167286,5,1208.4,4.1944,CD3D
ENSG00000110077,5,1208.4,4.1944,MS4A6A
ENSG00000132002,5,1211.2,4.192533333333333,DNAJB1
ENSG00000131477,5,1212.4,4.1917333333333335,RAMP2
ENSG00000154096,5,1212.8,4.191466666666667,THY1
ENSG00000135404,5,1214.8,4.190133333333334,CD63
ENSG00000211785,5,1220.2,4.186533333333333,TRAV12-1
ENSG00000000005,5,1221.4,4.185733333333333,TNMD
ENSG00000242736,5,1223.8,4.1841333333333335,TRBV1
ENSG00000211779,5,1223.8,4.1841333333333335,TRAV5
ENSG00000203489,5,1224.2,4.183866666666667,HMGB1P39
ENSG00000222020,5,1224.6,4.1836,HDAC4-AS1
ENSG00000109846,5,1225.4,4.183066666666667,CRYAB
ENSG00000233006,5,1226.8,4.182133333333334,MIR3936HG
ENSG00000238105,5,1227.0,4.182,GOLGA2P5
ENSG00000112936,5,1227.2,4.181866666666666,C7
ENSG00000055957,5,1230.2,4.179866666666666,ITIH1
ENSG00000229644,5,1233.6,4.1776,NAMPTP1
ENSG00000185028,5,1234.2,4.1772,LRRC14B
ENSG00000135220,5,1239.0,4.174,UGT2A3
ENSG00000230068,5,1240.6,4.172933333333333,CDC42-IT1
ENSG00000169224,5,1241.0,4.172666666666666,GCSAML
ENSG00000134545,5,1246.0,4.169333333333333,KLRC1
ENSG00000157514,5,1246.6,4.168933333333333,TSC22D3
ENSG00000243988,5,1247.8,4.1681333333333335,RPS24P17
ENSG00000125144,5,1248.0,4.168,MT1G
ENSG00000094755,5,1251.4,4.165733333333334,GABRP
ENSG00000163518,5,1252.0,4.165333333333333,FCRL4
ENSG00000240531,5,1260.4,4.1597333333333335,RPL21P123
ENSG00000143429,5,1260.8,4.159466666666667,LSP1P4
ENSG00000102879,5,1262.0,4.158666666666667,CORO1A
ENSG00000080824,5,1263.0,4.158,HSP90AA1
ENSG00000265972,5,1264.4,4.157066666666666,TXNIP
ENSG00000168497,5,1264.4,4.157066666666666,CAVIN2
ENSG00000229992,5,1264.6,4.156933333333333,HMGB3P9
ENSG00000211805,5,1265.6,4.156266666666667,TRAV24
ENSG00000100450,5,1269.6,4.1536,GZMH
ENSG00000163098,5,1271.2,4.152533333333333,BIRC8
ENSG00000218052,5,1274.0,4.150666666666667,ADAMTS7P4
ENSG00000211780,5,1275.0,4.15,TRAV6
ENSG00000164687,5,1276.2,4.1492,FABP5
ENSG00000173467,5,1277.2,4.148533333333333,AGR3
ENSG00000186766,5,1277.4,4.1484,FOXI2
ENSG00000235221,5,1277.4,4.1484,LINC00383
ENSG00000186162,5,1279.2,4.1472,CIDECP1
ENSG00000255582,5,1280.2,4.146533333333333,OR10G2
ENSG00000236977,5,1282.6,4.144933333333333,ANKRD44-IT1
ENSG00000168065,5,1285.2,4.1432,SLC22A11
ENSG00000197956,5,1288.2,4.1412,S100A6
ENSG00000214359,5,1294.0,4.137333333333333,RPL18P10
ENSG00000002726,5,1296.6,4.1356,AOC1
ENSG00000241158,5,1299.8,4.133466666666667,ADAMTS9-AS1
ENSG00000186160,5,1303.6,4.130933333333333,CYP4Z1
ENSG00000254271,5,1308.2,4.127866666666667,ANK3-DT
ENSG00000225328,5,1310.8,4.126133333333334,LINC01594
ENSG00000226258,5,1311.6,4.1256,GRM7-AS3
ENSG00000162511,5,1311.8,4.125466666666667,LAPTM5
ENSG00000228175,5,1319.4,4.1204,GEMIN8P4
ENSG00000224078,5,1322.4,4.1184,SNHG14
ENSG00000243836,5,1325.6,4.116266666666666,WDR86-AS1
ENSG00000100867,5,1330.0,4.113333333333333,DHRS2
ENSG00000240463,5,1330.6,4.112933333333333,RPS19P3
ENSG00000163581,5,1333.4,4.111066666666667,SLC2A2
ENSG00000080618,5,1348.2,4.1012,CPB2
ENSG00000211799,5,1356.4,4.095733333333333,TRAV19
ENSG00000210077,5,1358.6,4.094266666666667,MT-TV
ENSG00000230311,5,1360.4,4.093066666666667,TOMM20P4
ENSG00000233876,5,1361.2,4.092533333333334,GAPDHP68
ENSG00000211807,5,1368.4,4.087733333333333,TRAV26-1
ENSG00000198496,5,1372.0,4.085333333333334,NBR2
ENSG00000210127,5,1376.4,4.0824,MT-TA
ENSG00000049768,5,1379.8,4.080133333333333,FOXP3
ENSG00000126709,5,1381.8,4.0788,IFI6
ENSG00000211820,5,1383.2,4.077866666666667,TRAV41
ENSG00000241136,5,1387.8,4.0748,PAICSP6
ENSG00000176083,5,1388.4,4.0744,ZNF683
ENSG00000143196,5,1389.2,4.0738666666666665,DPT
ENSG00000280543,5,1390.4,4.073066666666667,ASAP1-IT2
ENSG00000211802,5,1390.6,4.072933333333333,TRAV22
ENSG00000137204,5,1393.8,4.0708,SLC22A7
ENSG00000171551,5,1396.4,4.069066666666666,ECEL1
ENSG00000156689,5,1400.6,4.0662666666666665,GLYATL2
ENSG00000170476,5,1402.2,4.0652,MZB1
ENSG00000137745,5,1406.2,4.0625333333333336,MMP13
ENSG00000189334,5,1409.0,4.060666666666666,S100A14
ENSG00000180747,5,1417.4,4.055066666666667,SMG1P3
ENSG00000108021,5,1417.6,4.0549333333333335,TASOR2
ENSG00000203747,5,1422.4,4.051733333333333,FCGR3A
ENSG00000187513,5,1424.6,4.0502666666666665,GJA4
ENSG00000138615,5,1427.4,4.0484,CILP
ENSG00000234741,5,1443.8,4.037466666666667,GAS5
ENSG00000112499,5,1445.4,4.0364,SLC22A2
ENSG00000166482,5,1447.2,4.0352,MFAP4
ENSG00000256553,5,1451.2,4.032533333333333,TRAV1-2
ENSG00000107742,5,1457.8,4.028133333333333,SPOCK2
ENSG00000162618,5,1460.0,4.026666666666666,ADGRL4
ENSG00000163993,5,1478.4,4.0144,S100P
ENSG00000149131,5,1482.0,4.0120000000000005,SERPING1
ENSG00000211871,4,28.75,3.980833333333333,TRAJ18
ENSG00000261834,4,87.5,3.941666666666667,IGHV3OR16-15
ENSG00000228599,4,164.75,3.8901666666666666,RPL7P52
ENSG00000106631,4,243.5,3.837666666666667,MYL7
ENSG00000225900,4,312.75,3.7915,HSPE1P13
ENSG00000110680,4,313.75,3.7908333333333335,CALCA
ENSG00000213934,4,318.75,3.7875,HBG1
ENSG00000185847,4,319.0,3.787333333333333,LINC01405
ENSG00000211597,4,323.5,3.7843333333333335,IGKJ1
ENSG00000183535,4,341.75,3.7721666666666662,COL18A1-AS1
ENSG00000234772,4,376.0,3.749333333333333,LINC00412
ENSG00000234452,4,377.5,3.7483333333333335,SLC16A12-AS1
ENSG00000183604,4,399.0,3.734,SMG1P5
ENSG00000250036,4,408.5,3.727666666666667,IGKV1D-37
ENSG00000237991,4,417.0,3.722,RPL35P1
ENSG00000233578,4,428.25,3.7145,EIF4EP1
ENSG00000254114,4,447.25,3.701833333333333,HMGN1P28
ENSG00000241129,4,463.5,3.691,RPL22P19
ENSG00000215606,4,476.5,3.682333333333333,KRT18P35
ENSG00000231241,4,476.5,3.682333333333333,RPS3AP3
ENSG00000125571,4,488.25,3.6745,IL37
ENSG00000268758,4,490.0,3.673333333333333,ADGRE4P
ENSG00000186115,4,494.75,3.670166666666667,CYP4F2
ENSG00000230071,4,505.0,3.663333333333333,RPL4P6
ENSG00000226604,4,509.25,3.6605,PAPPA-AS2
ENSG00000207248,4,534.75,3.6435,RNU6-1005P
ENSG00000230399,4,537.5,3.6416666666666666,RBBP8P1
ENSG00000143839,4,549.5,3.6336666666666666,REN
ENSG00000233560,4,553.25,3.631166666666666,KRT8P39
ENSG00000176988,4,554.75,3.6301666666666663,FMR1NB
ENSG00000234518,4,557.0,3.6286666666666663,PTGES3P1
ENSG00000015592,4,558.75,3.6275,STMN4
ENSG00000261618,4,560.5,3.626333333333333,LINC02605
ENSG00000205482,4,565.75,3.622833333333333,SPDYE18
ENSG00000047936,4,569.0,3.6206666666666663,ROS1
ENSG00000250891,4,594.75,3.6035,LINC02208
ENSG00000230601,4,598.75,3.600833333333333,TEX48
ENSG00000277282,4,604.25,3.597166666666667,IGHV1OR21-1
ENSG00000255120,4,629.25,3.5805,OVOL1-AS1
ENSG00000237757,4,636.75,3.5755,EEF1A1P30
ENSG00000210156,4,646.0,3.569333333333333,MT-TK
ENSG00000225423,4,656.75,3.5621666666666667,TNPO1P1
ENSG00000268654,4,658.25,3.561166666666667,MIMT1
ENSG00000254656,4,674.5,3.5503333333333336,RTL1
ENSG00000167910,4,681.25,3.5458333333333334,CYP7A1
ENSG00000234546,4,689.0,3.540666666666666,LNCTAM34A
ENSG00000219085,4,691.0,3.539333333333333,NPM1P37
ENSG00000260941,4,702.75,3.5315,LINC00622
ENSG00000142025,4,709.0,3.527333333333333,DMRTC2
ENSG00000218283,4,714.75,3.5235,MORF4L1P1
ENSG00000226937,4,724.0,3.517333333333333,CEP164P1
ENSG00000222268,4,730.5,3.513,RNA5SP425
ENSG00000135902,4,730.75,3.512833333333333,CHRND
ENSG00000106128,4,734.0,3.510666666666667,GHRHR
ENSG00000197901,4,735.0,3.51,SLC22A6
ENSG00000205754,4,737.25,3.5085,SLCO1B7
ENSG00000244585,4,737.75,3.508166666666667,RPL12P33
ENSG00000250731,4,741.25,3.5058333333333334,TPM3P6
ENSG00000229703,4,745.25,3.5031666666666665,LYPD9P
ENSG00000242229,4,749.75,3.500166666666667,RPS3AP14
ENSG00000259699,4,768.5,3.4876666666666667,HMGB1P8
ENSG00000241975,4,775.5,3.483,ELOCP19
ENSG00000133742,4,778.25,3.4811666666666667,CA1
ENSG00000230872,4,781.0,3.4793333333333334,MFSD13B
ENSG00000215853,4,781.75,3.478833333333333,RPTN
ENSG00000221102,4,788.75,3.474166666666666,SNORA11B
ENSG00000259746,4,790.5,3.473,HSPE1P3
ENSG00000068985,4,803.0,3.4646666666666666,PAGE1
ENSG00000173908,4,807.25,3.4618333333333333,KRT28
ENSG00000243759,4,815.0,3.4566666666666666,ST13P15
ENSG00000265345,4,815.5,3.4563333333333333,MIR5188
ENSG00000257135,4,819.25,3.4538333333333333,ODC1-DT
ENSG00000186715,4,831.5,3.445666666666667,MST1L
ENSG00000253218,4,832.0,3.445333333333333,KLF3P1
ENSG00000143632,4,848.25,3.4345,ACTA1
ENSG00000136999,4,851.0,3.4326666666666665,CCN3
ENSG00000267185,4,853.5,3.431,PTP4A2P1
ENSG00000181616,4,854.5,3.430333333333333,OR52H1
ENSG00000234186,4,867.75,3.4215,C16orf82
ENSG00000229557,4,873.5,3.4176666666666664,LINC00379
ENSG00000237818,4,878.75,3.4141666666666666,RPS3AP29
ENSG00000258704,4,888.0,3.408,SRP54-AS1
ENSG00000251432,4,893.5,3.404333333333333,LINC02615
ENSG00000243398,4,896.5,3.402333333333333,RN7SL141P
ENSG00000143536,4,897.25,3.4018333333333333,CRNN
ENSG00000203783,4,903.5,3.397666666666667,PRR9
ENSG00000107147,4,905.0,3.3966666666666665,KCNT1
ENSG00000116996,4,910.0,3.393333333333333,ZP4
ENSG00000260518,4,914.0,3.3906666666666667,BMS1P8
ENSG00000286733,4,917.25,3.3885,LINC02348
ENSG00000142698,4,917.5,3.388333333333333,C1orf94
ENSG00000245888,4,930.5,3.3796666666666666,NSMCE1-DT
ENSG00000228828,4,937.25,3.375166666666667,TLK2P2
ENSG00000284543,4,937.25,3.375166666666667,LINC01226
ENSG00000252118,4,937.75,3.374833333333333,RNU6ATAC39P
ENSG00000265366,4,950.0,3.3666666666666667,GLUD1P2
ENSG00000253883,4,950.25,3.3665000000000003,IGHV3-19
ENSG00000284325,4,954.25,3.363833333333333,MIR3655
ENSG00000230301,4,962.5,3.3583333333333334,OR5H6
ENSG00000230204,4,964.25,3.357166666666666,FTH1P5
ENSG00000213275,4,967.0,3.3553333333333333,IFITM9P
ENSG00000241420,4,968.5,3.3543333333333334,RN7SL505P
ENSG00000154646,4,972.5,3.3516666666666666,TMPRSS15
ENSG00000236388,4,975.25,3.349833333333333,ITCH-AS1
ENSG00000267402,4,977.0,3.3486666666666665,TCF4-AS2
ENSG00000236581,4,977.25,3.3485,STARD13-AS
ENSG00000264017,4,979.25,3.3471666666666664,RN7SL336P
ENSG00000236670,4,981.25,3.345833333333333,KRT18P5
ENSG00000243543,4,982.25,3.3451666666666666,WFDC6
ENSG00000269855,4,982.25,3.3451666666666666,RNF225
ENSG00000169474,4,987.25,3.341833333333333,SPRR1A
ENSG00000154898,4,988.75,3.3408333333333333,CCDC144CP
ENSG00000233254,4,991.0,3.3393333333333333,RPL21P134
ENSG00000239272,4,997.5,3.335,RPL21P10
ENSG00000236539,4,1006.5,3.329,HNRNPA1P54
ENSG00000240750,4,1015.0,3.3233333333333333,RN7SL559P
ENSG00000183733,4,1015.5,3.323,FIGLA
ENSG00000179766,4,1015.75,3.322833333333333,ATP8B5P
ENSG00000227264,4,1020.25,3.3198333333333334,ACTR3BP5
ENSG00000240270,4,1023.0,3.318,RPL12P37
ENSG00000253120,4,1024.25,3.3171666666666666,IGLV2-34
ENSG00000214688,4,1027.75,3.314833333333333,C10orf105
ENSG00000237827,4,1036.0,3.309333333333333,RPS15AP29
ENSG00000215544,4,1039.25,3.307166666666667,BCRP7
ENSG00000226562,4,1039.75,3.306833333333333,CYP4F26P
ENSG00000219986,4,1043.75,3.3041666666666667,BTF3P7
ENSG00000145087,4,1047.5,3.3016666666666667,STXBP5L
ENSG00000206597,4,1053.5,3.2976666666666667,SNORA57
ENSG00000281026,4,1059.0,3.294,N4BP2L2-IT2
ENSG00000171496,4,1061.25,3.2925,OR1L8
ENSG00000255725,4,1063.75,3.290833333333333,TDGP1
ENSG00000265123,4,1073.0,3.2846666666666664,RN7SL200P
ENSG00000199805,4,1074.25,3.2838333333333334,RNU1-134P
ENSG00000254285,4,1074.5,3.2836666666666665,KRT8P3
ENSG00000242436,4,1075.0,3.283333333333333,RN7SL789P
ENSG00000226632,4,1082.5,3.2783333333333333,UBE2V1P1
ENSG00000243954,4,1083.0,3.278,RN7SL743P
ENSG00000228723,4,1085.25,3.2765,SRGAP3-AS2
ENSG00000226935,4,1086.0,3.276,LINC00161
ENSG00000120094,4,1087.0,3.275333333333333,HOXB1
ENSG00000254449,4,1094.75,3.2701666666666664,SF3A3P2
ENSG00000204072,4,1095.25,3.2698333333333336,ARMCX7P
ENSG00000201558,4,1096.5,3.269,RNVU1-6
ENSG00000237338,4,1097.25,3.2685,FTCD-AS1
ENSG00000160870,4,1100.25,3.2665,CYP3A7
ENSG00000232685,4,1101.5,3.2656666666666667,LINC00442
ENSG00000261340,4,1109.25,3.2605,LINC01616
ENSG00000241288,4,1112.75,3.258166666666667,LINC02614
ENSG00000116882,4,1120.25,3.2531666666666665,HAO2
ENSG00000142538,4,1126.0,3.2493333333333334,PTH2
ENSG00000236184,4,1127.0,3.248666666666667,TCEA1P4
ENSG00000226318,4,1129.25,3.2471666666666668,RPS3AP38
ENSG00000269244,4,1129.25,3.2471666666666668,RPL23AP78
ENSG00000203416,4,1131.75,3.2455,FAM32BP
ENSG00000232422,4,1137.25,3.241833333333333,KNOP1P4
ENSG00000186652,4,1139.0,3.240666666666667,PRG2
ENSG00000232684,4,1146.5,3.235666666666667,ATP11A-AS1
ENSG00000204710,4,1147.0,3.235333333333333,SPDYC
ENSG00000200355,4,1152.75,3.2315,SNORA72
ENSG00000249987,4,1154.25,3.2305,RPS4XP20
ENSG00000253802,4,1162.0,3.2253333333333334,SIRLNT
ENSG00000266952,4,1162.25,3.2251666666666665,LINC01538
ENSG00000257800,4,1163.0,3.224666666666667,FNBP1P1
ENSG00000166396,4,1165.0,3.2233333333333336,SERPINB7
ENSG00000241641,4,1167.0,3.222,RPS23P6
ENSG00000119715,4,1176.25,3.2158333333333333,ESRRB
ENSG00000220848,4,1179.75,3.2135,RPS18P9
ENSG00000184100,4,1180.5,3.213,BRD7P2
ENSG00000188816,4,1181.5,3.212333333333333,HMX2
ENSG00000146857,4,1183.0,3.211333333333333,STRA8
ENSG00000164265,4,1188.5,3.2076666666666664,SCGB3A2
ENSG00000237412,4,1196.75,3.202166666666667,PRSS56
ENSG00000184385,4,1213.5,3.191,UMODL1-AS1
ENSG00000225224,4,1231.5,3.1790000000000003,RPS27AP12
ENSG00000203865,4,1232.75,3.178166666666667,ATP1A1-AS1
ENSG00000178734,4,1235.5,3.176333333333333,LMO7DN
ENSG00000183571,4,1238.5,3.174333333333333,PGPEP1L
ENSG00000222414,4,1240.0,3.1733333333333333,RNU2-59P
ENSG00000248449,4,1246.0,3.1693333333333333,PCDHGB8P
ENSG00000200795,4,1265.75,3.1561666666666666,RNU4-1
ENSG00000223715,4,1267.25,3.1551666666666667,LINC01208
ENSG00000226928,4,1268.5,3.154333333333333,RPS14P4
ENSG00000229184,4,1268.75,3.154166666666667,ATP5PDP2
ENSG00000242515,4,1273.75,3.1508333333333334,UGT1A10
ENSG00000228451,4,1274.5,3.150333333333333,SDAD1P1
ENSG00000224699,4,1282.75,3.1448333333333336,LAMTOR5-AS1
ENSG00000233325,4,1291.25,3.1391666666666667,MIPEPP3
ENSG00000162391,4,1291.75,3.1388333333333334,FAM151A
ENSG00000112494,4,1299.5,3.1336666666666666,UNC93A
ENSG00000262402,4,1308.25,3.127833333333333,MCUR1P1
ENSG00000180861,4,1315.0,3.123333333333333,LINC01559
ENSG00000242571,4,1319.0,3.1206666666666667,RPL21P11
ENSG00000231752,4,1320.5,3.119666666666667,EMBP1
ENSG00000280683,4,1321.0,3.119333333333333,LINC01242
ENSG00000006128,4,1324.75,3.116833333333333,TAC1
ENSG00000265942,4,1330.5,3.113,RN7SL577P
ENSG00000180385,4,1333.0,3.111333333333333,EMC3-AS1
ENSG00000240759,4,1349.75,3.1001666666666665,RPS27P21
ENSG00000241590,4,1357.0,3.095333333333333,RPL17P37
ENSG00000240225,4,1360.5,3.093,ZNF542P
ENSG00000235917,4,1361.0,3.0926666666666667,MTCO2P11
ENSG00000141744,4,1366.25,3.0891666666666664,PNMT
ENSG00000229980,4,1369.25,3.0871666666666666,TOB1-AS1
ENSG00000243711,4,1374.0,3.084,RPL21P116
ENSG00000163273,4,1375.5,3.083,NPPC
ENSG00000151655,4,1376.25,3.0825,ITIH2
ENSG00000166143,4,1377.25,3.081833333333333,PPP1R14D
ENSG00000230126,4,1380.0,3.08,FGF12-AS2
ENSG00000220804,4,1380.5,3.0796666666666668,LINC01881
ENSG00000146085,4,1381.5,3.079,MMUT
ENSG00000270505,4,1383.25,3.0778333333333334,IGHV1OR15-1
ENSG00000268949,4,1387.0,3.075333333333333,MRPS17P1
ENSG00000152578,4,1387.25,3.0751666666666666,GRIA4
ENSG00000223959,4,1404.0,3.064,AFG3L1P
ENSG00000158488,4,1408.25,3.061166666666667,CD1E
ENSG00000186306,4,1420.25,3.053166666666667,OR10T2
ENSG00000234184,4,1426.0,3.049333333333333,LINC01781
ENSG00000154269,4,1429.75,3.0468333333333333,ENPP3
ENSG00000118137,4,1431.25,3.0458333333333334,APOA1
ENSG00000161649,4,1440.0,3.04,CD300LG
ENSG00000106133,4,1440.25,3.039833333333333,NSUN5P2
ENSG00000277494,4,1443.5,3.0376666666666665,GPIHBP1
ENSG00000237943,4,1453.5,3.031,PRKCQ-AS1
ENSG00000184292,4,1454.25,3.0305,TACSTD2
ENSG00000122679,4,1466.25,3.0225,RAMP3
ENSG00000004799,4,1467.5,3.0216666666666665,PDK4
ENSG00000111799,4,1479.25,3.0138333333333334,COL12A1
ENSG00000134871,4,1485.5,3.009666666666667,COL4A2
ENSG00000213713,3,395.6666666666667,2.736222222222222,PIGCP1
ENSG00000259125,3,476.3333333333333,2.6824444444444446,LRP1-AS
ENSG00000264031,3,489.0,2.674,ABHD15-AS1
ENSG00000178395,3,503.0,2.6646666666666667,CCDC185
ENSG00000276058,3,509.3333333333333,2.6604444444444444,STMN1P1
ENSG00000234911,3,523.0,2.651333333333333,TEX21P
ENSG00000162947,3,534.0,2.644,LINC01931
ENSG00000228067,3,550.0,2.6333333333333333,LINC01740
ENSG00000137634,3,576.6666666666666,2.6155555555555554,NXPE4
ENSG00000260220,3,585.0,2.61,CCDC187
ENSG00000239794,3,628.6666666666666,2.580888888888889,RN7SL653P
ENSG00000212370,3,677.6666666666666,2.5482222222222224,RNU6-482P
ENSG00000155622,3,738.3333333333334,2.5077777777777777,XAGE2
ENSG00000258016,3,756.0,2.496,HIGD1AP1
ENSG00000007001,3,756.3333333333334,2.4957777777777777,UPP2
ENSG00000240392,3,789.0,2.474,RPL9P3
ENSG00000264448,3,825.6666666666666,2.4495555555555555,MIR378D2HG
ENSG00000240823,3,860.0,2.4266666666666667,RN7SL23P
ENSG00000236397,3,864.6666666666666,2.423555555555556,DDX11L2
ENSG00000154608,3,878.3333333333334,2.4144444444444444,CEP170P1
ENSG00000240828,3,881.0,2.4126666666666665,RPL21P4
ENSG00000231171,3,882.6666666666666,2.411555555555556,LINC01098
ENSG00000248227,3,897.6666666666666,2.4015555555555554,LINC02513
ENSG00000104722,3,908.0,2.3946666666666667,NEFM
ENSG00000224464,3,935.3333333333334,2.3764444444444446,PGAM1P6
ENSG00000258710,3,943.6666666666666,2.370888888888889,LINC01193
ENSG00000186895,3,948.3333333333334,2.367777777777777,FGF3
ENSG00000176933,3,951.6666666666666,2.365555555555556,TOB2P1
ENSG00000176826,3,968.6666666666666,2.354222222222222,FKBP9P1
ENSG00000228938,3,972.6666666666666,2.351555555555556,SNRPD2P1
ENSG00000233971,3,979.6666666666666,2.346888888888889,RPS20P10
ENSG00000282320,3,982.3333333333334,2.345111111111111,TRBJ1-1
ENSG00000214415,3,985.3333333333334,2.343111111111111,GNAT3
ENSG00000228847,3,992.0,2.3386666666666667,ATP5MC2P4
ENSG00000074276,3,1007.6666666666666,2.328222222222222,CDHR2
ENSG00000225924,3,1008.0,2.328,TAB2-AS1
ENSG00000188992,3,1009.6666666666666,2.326888888888889,LIPI
ENSG00000200403,3,1020.0,2.32,RNU6-1099P
ENSG00000122136,3,1029.0,2.314,OBP2A
ENSG00000258511,3,1033.6666666666667,2.310888888888889,LINC02295
ENSG00000254791,3,1035.0,2.31,FAR1-IT1
ENSG00000092345,3,1037.3333333333333,2.3084444444444445,DAZL
ENSG00000174460,3,1042.6666666666667,2.3048888888888888,ZCCHC12
ENSG00000224476,3,1046.0,2.302666666666666,RPL36P16
ENSG00000172967,3,1047.0,2.302,XKR3
ENSG00000228502,3,1052.3333333333333,2.2984444444444447,EEF1A1P11
ENSG00000257488,3,1062.0,2.292,LINC02354
ENSG00000173237,3,1065.0,2.29,C11orf86
ENSG00000229236,3,1084.3333333333333,2.277111111111111,TTTY10
ENSG00000264916,3,1090.0,2.273333333333333,RN7SL230P
ENSG00000261645,3,1103.0,2.264666666666667,DISC1FP1
ENSG00000233435,3,1106.3333333333333,2.2624444444444443,AGGF1P2
ENSG00000176601,3,1106.3333333333333,2.2624444444444443,MAP3K19
ENSG00000279066,3,1116.6666666666667,2.2555555555555555,HEXD-IT1
ENSG00000225137,3,1121.6666666666667,2.252222222222222,DYNC1I2P1
ENSG00000259781,3,1137.0,2.242,HMGB1P6
ENSG00000250331,3,1141.3333333333333,2.2391111111111117,LINC01340
ENSG00000275549,3,1144.0,2.2373333333333334,STPG3-AS1
ENSG00000215244,3,1149.3333333333333,2.233777777777778,LINC02649
ENSG00000272837,3,1153.3333333333333,2.2311111111111117,OR10AE3P
ENSG00000212163,3,1158.3333333333333,2.227777777777778,SNORD91A
ENSG00000242808,3,1173.6666666666667,2.2175555555555557,SOX2-OT
ENSG00000165799,3,1176.3333333333333,2.215777777777778,RNASE7
ENSG00000244641,3,1176.3333333333333,2.215777777777778,RPS26P43
ENSG00000164438,3,1181.3333333333333,2.2124444444444444,TLX3
ENSG00000232316,3,1187.6666666666667,2.208222222222222,LINC02518
ENSG00000219355,3,1192.6666666666667,2.2048888888888887,RPL31P52
ENSG00000232429,3,1194.0,2.204,RPL21P131
ENSG00000233730,3,1194.0,2.204,LINC01765
ENSG00000250011,3,1216.6666666666667,2.188888888888889,HMGB1P3
ENSG00000283047,3,1230.0,2.18,FRG1FP
ENSG00000258404,3,1235.6666666666667,2.176222222222222,LINC02320
ENSG00000236330,3,1238.3333333333333,2.1744444444444446,RPL5P9
ENSG00000132446,3,1243.3333333333333,2.171111111111111,FTHL17
ENSG00000250902,3,1243.3333333333333,2.171111111111111,SMAD1-AS1
ENSG00000185002,3,1247.0,2.1686666666666667,RFX6
ENSG00000227887,3,1248.0,2.168,RPS26P13
ENSG00000140835,3,1256.0,2.1626666666666665,CHST4
ENSG00000226891,3,1257.3333333333333,2.161777777777778,LINC01359
ENSG00000185275,3,1259.6666666666667,2.160222222222222,CD24P4
ENSG00000213300,3,1262.6666666666667,2.1582222222222223,HNRNPA3P6
ENSG00000232606,3,1268.3333333333333,2.1544444444444446,LINC01412
ENSG00000234354,3,1279.6666666666667,2.146888888888889,RPS26P47
ENSG00000186529,3,1284.3333333333333,2.143777777777778,CYP4F3
ENSG00000144820,3,1289.6666666666667,2.140222222222222,ADGRG7
ENSG00000241282,3,1291.0,2.139333333333333,RPL34P33
ENSG00000182814,3,1295.3333333333333,2.1364444444444444,FUNDC2P2
ENSG00000184330,3,1296.3333333333333,2.1357777777777778,S100A7A
ENSG00000187527,3,1302.0,2.132,ATP13A5
ENSG00000240423,3,1302.0,2.132,LINC00636
ENSG00000228782,3,1302.3333333333333,2.1317777777777778,ENSG00000228782
ENSG00000224707,3,1312.6666666666667,2.124888888888889,E2F3-IT1
ENSG00000007216,3,1321.0,2.119333333333333,SLC13A2
ENSG00000254215,3,1321.3333333333333,2.119111111111111,IGHVIII-11-1
ENSG00000214264,3,1325.6666666666667,2.1162222222222224,KCTD9P4
ENSG00000256151,3,1326.6666666666667,2.1155555555555554,ADGRD1-AS1
ENSG00000184612,3,1328.6666666666667,2.1142222222222222,RPL7P26
ENSG00000182346,3,1329.3333333333333,2.113777777777778,DAOA
ENSG00000224854,3,1329.3333333333333,2.113777777777778,CDKN2A-DT
ENSG00000211768,3,1331.6666666666667,2.112222222222222,TRBJ2-4
ENSG00000237170,3,1333.6666666666667,2.110888888888889,RPS7P15
ENSG00000178130,3,1336.0,2.1093333333333333,FAM27E5
ENSG00000234028,3,1336.3333333333333,2.109111111111111,EIF2AK3-DT
ENSG00000124097,3,1339.3333333333333,2.107111111111111,HMGB1P1
ENSG00000197444,3,1346.0,2.102666666666667,OGDHL
ENSG00000114113,3,1357.6666666666667,2.094888888888889,RBP2
ENSG00000260265,3,1362.3333333333333,2.0917777777777777,LINC02562
ENSG00000237135,3,1363.6666666666667,2.090888888888889,DDX10P1
ENSG00000170927,3,1375.0,2.083333333333333,PKHD1
ENSG00000241119,3,1375.3333333333333,2.083111111111111,UGT1A9
ENSG00000168348,3,1375.3333333333333,2.083111111111111,INSM2
ENSG00000137440,3,1386.0,2.076,FGFBP1
ENSG00000178429,3,1391.0,2.0726666666666667,RPS3AP5
ENSG00000183560,3,1415.0,2.056666666666666,IZUMO1R
ENSG00000259295,3,1415.0,2.056666666666666,CSPG4P12
ENSG00000229816,3,1418.3333333333333,2.0544444444444445,DDX50P1
ENSG00000185198,3,1428.3333333333333,2.0477777777777777,PRSS57
ENSG00000211731,3,1428.6666666666667,2.047555555555556,TRBV5-7
ENSG00000163106,3,1441.6666666666667,2.0388888888888888,HPGDS
ENSG00000234118,3,1442.0,2.038666666666667,RPL13AP6
ENSG00000224281,3,1451.3333333333333,2.0324444444444447,SLC25A5-AS1
ENSG00000235142,3,1454.6666666666667,2.030222222222222,LINC02532
ENSG00000137441,3,1460.3333333333333,2.0264444444444445,FGFBP2
ENSG00000147485,3,1460.3333333333333,2.0264444444444445,PXDNL
ENSG00000009694,3,1464.3333333333333,2.0237777777777777,TENM1
ENSG00000186340,3,1485.0,2.01,THBS2
ENSG00000130635,3,1487.0,2.0086666666666666,COL5A1
ENSG00000164106,3,1488.0,2.008,SCRG1
ENSG00000129226,3,1488.6666666666667,2.0075555555555558,CD68
ENSG00000126549,2,321.5,1.7856666666666667,STATH
ENSG00000222019,2,785.0,1.4766666666666666,URAHP
ENSG00000266420,2,859.0,1.4273333333333331,RN7SL118P
ENSG00000232333,2,895.5,1.403,RPS27AP2
ENSG00000211633,2,930.0,1.38,IGKV1D-42
ENSG00000179967,2,985.0,1.3433333333333333,PPP1R14BP3
ENSG00000207175,2,1023.0,1.318,RNU1-67P
ENSG00000101323,2,1048.5,1.3010000000000002,HAO1
ENSG00000258886,2,1061.0,1.2926666666666666,HIGD1AP17
ENSG00000263360,2,1072.0,1.2853333333333334,RN7SL134P
ENSG00000182156,2,1073.0,1.2846666666666666,ENPP7
ENSG00000149435,2,1091.0,1.2726666666666666,GGTLC1
ENSG00000213885,2,1093.0,1.2713333333333332,RPL13AP7
ENSG00000242142,2,1093.5,1.271,SERBP1P3
ENSG00000176294,2,1097.0,1.2686666666666668,OR4N2
ENSG00000224411,2,1102.0,1.2653333333333334,HSP90AA2P
ENSG00000127589,2,1112.5,1.2583333333333333,TUBBP1
ENSG00000230337,2,1129.0,1.2473333333333332,EXOSC10-AS1
ENSG00000273265,2,1132.5,1.245,CNNM3-DT
ENSG00000175766,2,1134.5,1.2436666666666667,EIF4E1B
ENSG00000202415,2,1139.0,1.2406666666666668,RN7SKP269
ENSG00000225552,2,1145.5,1.2363333333333333,NAALADL2-AS1
ENSG00000227802,2,1150.0,1.2333333333333334,DNAJB3
ENSG00000227939,2,1153.0,1.2313333333333332,RPL3P2
ENSG00000250539,2,1155.5,1.229666666666667,KRT8P33
ENSG00000250290,2,1156.0,1.2293333333333334,NCAPGP1
ENSG00000214273,2,1156.5,1.229,AGGF1P1
ENSG00000227543,2,1167.0,1.222,SPAG5-AS1
ENSG00000132872,2,1171.5,1.219,SYT4
ENSG00000187682,2,1183.0,1.2113333333333334,ERAS
ENSG00000255071,2,1191.5,1.2056666666666669,SAA2-SAA4
ENSG00000237984,2,1192.5,1.205,PTENP1
ENSG00000225025,2,1194.0,1.204,KIF4CP
ENSG00000105988,2,1195.5,1.2029999999999998,NHP2P1
ENSG00000228808,2,1197.5,1.2016666666666669,HMGB3P4
ENSG00000240138,2,1207.0,1.1953333333333334,EEF1GP4
ENSG00000213051,2,1216.0,1.1893333333333334,RPL5P5
ENSG00000250182,2,1229.0,1.1806666666666668,EEF1A1P13
ENSG00000250170,2,1238.0,1.1746666666666663,RASA2-IT1
ENSG00000159182,2,1248.5,1.1676666666666666,PRAC1
ENSG00000225076,2,1253.5,1.1643333333333334,WWC3-AS1
ENSG00000179055,2,1258.0,1.161333333333333,OR13D1
ENSG00000205231,2,1270.5,1.153,TTLL10-AS1
ENSG00000243592,2,1271.0,1.1526666666666667,RPL17P22
ENSG00000187689,2,1271.0,1.1526666666666667,AMTN
ENSG00000236762,2,1282.5,1.145,RPL19P16
ENSG00000128276,2,1284.0,1.144,RFPL3
ENSG00000122711,2,1289.0,1.1406666666666667,SPINK4
ENSG00000102145,2,1295.0,1.1366666666666667,GATA1
ENSG00000234925,2,1296.0,1.136,ATP5PDP4
ENSG00000234965,2,1299.5,1.1336666666666666,SHISA8
ENSG00000229133,2,1304.0,1.1306666666666667,RPS7P4
ENSG00000224034,2,1305.0,1.13,LINC02561
ENSG00000188585,2,1309.0,1.1273333333333333,CLEC20A
ENSG00000171855,2,1311.0,1.126,IFNB1
ENSG00000177462,2,1314.5,1.1236666666666668,OR2T8
ENSG00000275874,2,1315.0,1.1233333333333333,PICSAR
ENSG00000180720,2,1315.5,1.123,CHRM4
ENSG00000137090,2,1315.5,1.123,DMRT1
ENSG00000232393,2,1319.0,1.1206666666666667,RPL5P6
ENSG00000214832,2,1321.5,1.119,UPF3AP2
ENSG00000222222,2,1322.0,1.1186666666666667,RNU2-17P
ENSG00000261205,2,1322.0,1.1186666666666667,NIFKP4
ENSG00000180638,2,1323.0,1.118,SLC47A2
ENSG00000265093,2,1323.0,1.118,RN7SL246P
ENSG00000249264,2,1325.0,1.1166666666666667,EEF1A1P9
ENSG00000242285,2,1326.0,1.116,RPL6P8
ENSG00000250562,2,1329.5,1.1136666666666666,RPL38P4
ENSG00000158571,2,1330.0,1.1133333333333333,PFKFB1
ENSG00000257576,2,1330.0,1.1133333333333333,HSPD1P4
ENSG00000253365,2,1332.0,1.112,IGKV1D-22
ENSG00000237007,2,1332.5,1.1116666666666668,KRT18P52
ENSG00000228807,2,1332.5,1.1116666666666668,MRPS18CP6
ENSG00000166736,2,1332.5,1.1116666666666668,HTR3A
ENSG00000230793,2,1336.0,1.1093333333333333,SMARCE1P5
ENSG00000238172,2,1336.5,1.109,RPS2P35
ENSG00000236345,2,1337.5,1.1083333333333334,SCAT8
ENSG00000241081,2,1341.0,1.106,RPL22P2
ENSG00000212176,2,1342.0,1.1053333333333333,RNA5SP207
ENSG00000277374,2,1343.5,1.1043333333333334,U1
ENSG00000120937,2,1344.0,1.104,NPPB
ENSG00000206147,2,1346.0,1.102666666666667,RPL23AP57
ENSG00000226428,2,1346.5,1.1023333333333334,RPL15P13
ENSG00000236307,2,1349.0,1.100666666666667,EEF1E1P1
ENSG00000214062,2,1350.5,1.0996666666666668,RPL7P17
ENSG00000265102,2,1353.0,1.098,MIR3942
ENSG00000230564,2,1353.0,1.098,CALM1P2
ENSG00000266563,2,1356.0,1.096,EIF1P5
ENSG00000086967,2,1360.5,1.093,MYBPC2
ENSG00000224858,2,1362.0,1.092,RPL29P11
ENSG00000146755,2,1374.5,1.0836666666666668,TRIM50
ENSG00000227256,2,1376.0,1.0826666666666669,MIS18A-AS1
ENSG00000145839,2,1377.0,1.082,IL9
ENSG00000117322,2,1379.0,1.0806666666666669,CR2
ENSG00000264438,2,1385.0,1.0766666666666669,RN7SL560P
ENSG00000281183,2,1386.5,1.0756666666666668,NPTN-IT1
ENSG00000204653,2,1400.5,1.0663333333333334,ASPDH
ENSG00000207205,2,1405.5,1.063,RNVU1-15
ENSG00000214182,2,1407.0,1.062,PTMAP5
ENSG00000234912,2,1413.5,1.0576666666666663,SNHG20
ENSG00000234664,2,1417.0,1.0553333333333337,HMGN2P5
ENSG00000228929,2,1419.5,1.0536666666666663,RPS13P2
ENSG00000231160,2,1420.5,1.053,KLF3-AS1
ENSG00000123201,2,1422.5,1.0516666666666667,GUCY1B2
ENSG00000218265,2,1423.5,1.0510000000000002,RPS4XP7
ENSG00000235297,2,1427.5,1.0483333333333331,FAUP1
ENSG00000131002,2,1429.5,1.0470000000000002,TXLNGY
ENSG00000260549,2,1433.5,1.0443333333333331,MT1L
ENSG00000103355,2,1434.0,1.044,PRSS33
ENSG00000253959,2,1436.5,1.0423333333333331,LINC01863
ENSG00000259706,2,1437.0,1.042,HSP90B2P
ENSG00000234409,2,1439.0,1.0406666666666666,CCDC188
ENSG00000265962,2,1445.0,1.0366666666666666,GACAT2
ENSG00000166573,2,1456.5,1.029,GALR1
ENSG00000253338,2,1457.5,1.028333333333333,IGLV3-29
ENSG00000058404,2,1460.5,1.026333333333333,CAMK2B
ENSG00000211641,2,1461.0,1.026,IGLV11-55
ENSG00000131797,2,1461.5,1.0256666666666665,CLUHP3
ENSG00000228262,2,1461.5,1.0256666666666665,LINC01320
ENSG00000205361,2,1464.5,1.0236666666666667,MT1DP
ENSG00000150783,2,1468.0,1.0213333333333332,TEX12
ENSG00000241549,2,1471.0,1.0193333333333334,GUSBP2
ENSG00000054803,2,1472.0,1.0186666666666668,CBLN4
ENSG00000213432,2,1474.5,1.017,RPL17P34
ENSG00000155918,2,1480.0,1.0133333333333332,RAET1L
ENSG00000176153,2,1481.5,1.0123333333333333,GPX2
ENSG00000254838,2,1485.5,1.0096666666666667,GVINP1
ENSG00000267712,2,1490.5,1.0063333333333333,LINC01539
ENSG00000270813,1,741.0,0.506,NANOGNBP3
ENSG00000239742,1,751.0,0.4993333333333333,RN7SL672P
ENSG00000233426,1,825.0,0.4499999999999999,EIF3FP3
ENSG00000239198,1,864.0,0.424,RPL5P22
ENSG00000233380,1,913.0,0.3913333333333333,RPS2P48
ENSG00000242979,1,937.0,0.3753333333333333,RPS15AP18
ENSG00000210151,1,981.0,0.346,MT-TS1
ENSG00000228499,1,987.0,0.3419999999999999,TMSB10P1
ENSG00000219163,1,1013.0,0.3246666666666666,HMGB1P20
ENSG00000224451,1,1032.0,0.312,ATP5PBP1
ENSG00000283361,1,1063.0,0.2913333333333333,CFAP97D2
ENSG00000215016,1,1077.0,0.282,RPL24P7
ENSG00000254884,1,1080.0,0.28,PRR13P2
ENSG00000213492,1,1097.0,0.2686666666666667,NT5C3AP1
ENSG00000211693,1,1118.0,0.2546666666666667,TRGV11
ENSG00000242085,1,1120.0,0.2533333333333333,RPS20P33
ENSG00000270441,1,1135.0,0.2433333333333333,LAMB2P1
ENSG00000204173,1,1137.0,0.242,LRRC37A5P
ENSG00000258673,1,1146.0,0.236,LINC01397
ENSG00000283948,1,1148.0,0.2346666666666667,IGHVIII-16-1
ENSG00000242320,1,1163.0,0.2246666666666666,RPL21P126
ENSG00000225246,1,1177.0,0.2153333333333333,RPS2P1
ENSG00000204837,1,1179.0,0.2139999999999999,FGF7P3
ENSG00000273540,1,1206.0,0.1959999999999999,AGBL1
ENSG00000199883,1,1207.0,0.1953333333333333,RN7SKP90
ENSG00000240342,1,1221.0,0.186,RPS2P5
ENSG00000237522,1,1229.0,0.1806666666666666,NONOP2
ENSG00000267717,1,1237.0,0.1753333333333333,SRSF10P1
ENSG00000161973,1,1249.0,0.1673333333333333,CCDC42
ENSG00000214439,1,1253.0,0.1646666666666666,FAM185BP
ENSG00000186235,1,1256.0,0.1626666666666666,LINC02610
ENSG00000282164,1,1258.0,0.1613333333333333,PEG13
ENSG00000227097,1,1263.0,0.158,RPS28P7
ENSG00000230409,1,1263.0,0.158,TCEA1P2
ENSG00000156006,1,1264.0,0.1573333333333333,NAT2
ENSG00000169006,1,1271.0,0.1526666666666666,NTSR2
ENSG00000264229,1,1275.0,0.15,RNU4ATAC
ENSG00000236751,1,1275.0,0.15,LINC01186
ENSG00000236463,1,1278.0,0.148,LINC00427
ENSG00000165588,1,1289.0,0.1406666666666667,OTX2
ENSG00000197744,1,1290.0,0.14,PTMAP2
ENSG00000274588,1,1295.0,0.1366666666666667,DGKK
ENSG00000173714,1,1295.0,0.1366666666666667,WFIKKN2
ENSG00000259218,1,1297.0,0.1353333333333333,LINC00928
ENSG00000206605,1,1307.0,0.1286666666666667,RNU6-946P
ENSG00000214761,1,1309.0,0.1273333333333333,HNRNPA1P15
ENSG00000169575,1,1313.0,0.1246666666666667,VPREB1
ENSG00000256424,1,1313.0,0.1246666666666667,LINC02414
ENSG00000238228,1,1320.0,0.12,OR7E7P
ENSG00000197938,1,1321.0,0.1193333333333332,OR5H2
ENSG00000232024,1,1326.0,0.1159999999999999,LSM12P1
ENSG00000240905,1,1327.0,0.1153333333333332,RN7SL798P
ENSG00000258469,1,1327.0,0.1153333333333332,CHMP4BP1
ENSG00000245479,1,1328.0,0.1146666666666667,LINC01585
ENSG00000201367,1,1329.0,0.1139999999999999,RNU6-522P
ENSG00000224358,1,1330.0,0.1133333333333332,TMCO1-AS1
ENSG00000200683,1,1331.0,0.1126666666666666,RNU6-379P
ENSG00000227401,1,1331.0,0.1126666666666666,RPL37P1
ENSG00000259717,1,1333.0,0.1113333333333332,LINC00677
ENSG00000243167,1,1334.0,0.1106666666666666,RPS10P28
ENSG00000242445,1,1335.0,0.1099999999999999,RPL7AP11
ENSG00000255323,1,1338.0,0.1079999999999999,LINC01495
ENSG00000222112,1,1338.0,0.1079999999999999,RN7SKP16
ENSG00000211595,1,1340.0,0.1066666666666666,IGKJ3
ENSG00000172746,1,1341.0,0.1059999999999999,RPL12P13
ENSG00000259852,1,1342.0,0.1053333333333332,IGHV1OR16-2
ENSG00000217094,1,1343.0,0.1046666666666666,PPIAP31
ENSG00000234145,1,1344.0,0.1039999999999999,NAP1L4P3
ENSG00000231560,1,1345.0,0.1033333333333333,CLEC12A-AS1
ENSG00000214203,1,1347.0,0.1019999999999999,RPS4XP1
ENSG00000226251,1,1350.0,0.0999999999999999,LINC02608
ENSG00000230020,1,1351.0,0.0993333333333333,NHS-AS1
ENSG00000258245,1,1352.0,0.0986666666666666,RPL10P13
ENSG00000203321,1,1353.0,0.0979999999999999,CARNMT1-AS1
ENSG00000216854,1,1353.0,0.0979999999999999,RPL17P26
ENSG00000276088,1,1354.0,0.0973333333333333,RN7SL620P
ENSG00000236764,1,1355.0,0.0966666666666666,COX7A2P2
ENSG00000235777,1,1356.0,0.0959999999999999,DPYD-AS2
ENSG00000234036,1,1357.0,0.0953333333333333,TXNP6
ENSG00000143194,1,1359.0,0.0939999999999999,MAEL
ENSG00000259246,1,1360.0,0.0933333333333333,HMGN2P47
ENSG00000232912,1,1361.0,0.0926666666666666,RERE-AS1
ENSG00000282933,1,1362.0,0.0919999999999999,RHOXF1P3
ENSG00000262628,1,1365.0,0.0899999999999999,OR1D5
ENSG00000200183,1,1366.0,0.0893333333333333,RNU6-238P
ENSG00000165621,1,1368.0,0.0879999999999999,OXGR1
ENSG00000159224,1,1371.0,0.0859999999999999,GIP
ENSG00000237575,1,1374.0,0.0839999999999999,PYY2
ENSG00000285373,1,1379.0,0.0806666666666666,LINC02478
ENSG00000267206,1,1382.0,0.0786666666666666,LCN6
ENSG00000140839,1,1387.0,0.0753333333333333,CLEC18B
ENSG00000292337,1,1392.0,0.0719999999999999,DHRSX-IT1
ENSG00000164796,1,1393.0,0.0713333333333333,CSMD3
ENSG00000251604,1,1394.0,0.0706666666666666,LINC01385
ENSG00000101441,1,1399.0,0.0673333333333333,CST4
ENSG00000234572,1,1400.0,0.0666666666666666,LINC01800
ENSG00000099725,1,1401.0,0.0659999999999999,PRKY
ENSG00000261520,1,1405.0,0.0633333333333333,DLGAP1-AS5
ENSG00000228960,1,1408.0,0.0613333333333333,OR2A9P
ENSG00000179774,1,1408.0,0.0613333333333333,ATOH7
ENSG00000187733,1,1409.0,0.0606666666666666,AMY1C
ENSG00000232117,1,1414.0,0.0573333333333333,LINC00384
ENSG00000258616,1,1420.0,0.0533333333333333,LINC02303
ENSG00000019186,1,1421.0,0.0526666666666666,CYP24A1
ENSG00000213130,1,1424.0,0.0506666666666666,EEF1DP5
ENSG00000188451,1,1424.0,0.0506666666666666,SRP72P2
ENSG00000173702,1,1425.0,0.05,MUC13
ENSG00000233913,1,1431.0,0.046,RPL10P9
ENSG00000118520,1,1436.0,0.0426666666666666,ARG1
ENSG00000163207,1,1440.0,0.04,IVL
ENSG00000240767,1,1443.0,0.038,RN7SL288P
ENSG00000101883,1,1445.0,0.0366666666666666,RHOXF1
ENSG00000240132,1,1447.0,0.0353333333333333,ETF1P2
ENSG00000134339,1,1447.0,0.0353333333333333,SAA2
ENSG00000231663,1,1448.0,0.0346666666666666,COA6-AS1
ENSG00000243519,1,1449.0,0.034,IGLVIVOR22-2
ENSG00000237082,1,1450.0,0.0333333333333333,COX5BP6
ENSG00000124224,1,1450.0,0.0333333333333333,PPP4R1L
ENSG00000169550,1,1451.0,0.0326666666666666,MUC15
ENSG00000182841,1,1453.0,0.0313333333333333,RRP7BP
ENSG00000159723,1,1454.0,0.0306666666666666,AGRP
ENSG00000225511,1,1454.0,0.0306666666666666,LINC00475
ENSG00000101280,1,1454.0,0.0306666666666666,ANGPT4
ENSG00000279636,1,1456.0,0.0293333333333333,LINC00216
ENSG00000170523,1,1456.0,0.0293333333333333,KRT83
ENSG00000231090,1,1462.0,0.0253333333333333,MIR4422HG
ENSG00000223692,1,1465.0,0.0233333333333333,DIP2A-IT1
ENSG00000254418,1,1466.0,0.0226666666666666,SPON1-AS1
ENSG00000181847,1,1468.0,0.0213333333333333,TIGIT
ENSG00000257718,1,1468.0,0.0213333333333333,CPNE8-AS1
ENSG00000229948,1,1471.0,0.0193333333333333,B3GALNT1P1
ENSG00000104499,1,1472.0,0.0186666666666667,GML
ENSG00000084734,1,1473.0,0.018,GCKR
ENSG00000232439,1,1475.0,0.0166666666666667,RPL18AP7
ENSG00000118849,1,1479.0,0.014,RARRES1
ENSG00000146674,1,1481.0,0.0126666666666667,IGFBP3
ENSG00000224081,1,1481.0,0.0126666666666667,SLC44A3-AS1
ENSG00000224861,1,1483.0,0.0113333333333333,YBX1P1
ENSG00000104435,1,1484.0,0.0106666666666667,STMN2
ENSG00000241735,1,1484.0,0.0106666666666667,FABP5P3
ENSG00000136689,1,1487.0,0.0086666666666667,IL1RN
ENSG00000233747,1,1489.0,0.0073333333333333,RPL36AP13
ENSG00000242170,1,1489.0,0.0073333333333333,RN7SL329P
ENSG00000060303,1,1491.0,0.006,RPS17P5
ENSG00000225940,1,1493.0,0.0046666666666667,C5orf67
ENSG00000199874,1,1494.0,0.004,RNA5SP452
ENSG00000131097,1,1496.0,0.0026666666666667,HIGD1B
ENSG00000261097,1,1496.0,0.0026666666666667,LINC00563
ENSG00000166592,1,1497.0,0.002,RRAD
ENSG00000204175,1,1499.0,0.0006666666666667,GPRIN2
